,Address,Latitude,Longitude,Entertainment,College_University,Event,Food,NightLife,Recreation,Professional_OtherPlaces,Residence,Shop_Service,Travel_Transport
0,"Rua Ministro Nélson Hungria, Real Parque, São Paulo",-23.5722228,-46.8254858,3,4,0,9,6,4,6,3,5,2
1,"Rua Ministro Nelson Hungria, Real Parque, São Paulo",-23.5722228,-46.8254858,3,4,0,9,6,4,6,3,5,2
2,"Rua César Vallejo, Real Parque, São Paulo",-23.6067336,-46.7018308,8,29,9,89,20,41,80,17,79,34
3,"Avenida Barão de Campos Gerais, Morumbi, São Paulo",-23.6062686,-46.7045358,7,19,7,86,11,29,63,9,44,17
4,"Rua Viena, Sacomã, São Paulo",-23.61332,-46.5996137,4,11,1,53,13,17,45,12,52,4
5,"Rua Alencar Araripe, Sacomã, São Paulo",-23.6138632,-46.5970802,2,6,0,50,11,9,43,9,36,3
6,"Rua Marquês de Maricá, Sacomã, São Paulo",-23.6139964,-46.5982073,3,6,0,52,12,13,40,12,43,4
7,"Rua Salvador Pedroso, Sacomã, São Paulo",-23.6180127,-46.5976086,2,12,1,61,11,16,44,14,50,3
8,"Rua São Vicente de Paulo, Santa Cecília, São Paulo",-23.5394517,-46.656703,28,61,0,203,66,66,97,30,111,32
9,"Rua Baronesa de Itu, Santa Cecília, São Paulo",-23.5391932,-46.6580478,26,57,4,167,53,63,96,29,115,31
10,"Rua Dona Veridiana, Santa Cecília, São Paulo",-23.5419922,-46.6510318,48,69,4,174,92,80,80,35,117,76
11,"Rua Tupi, Santa Cecília, São Paulo",-23.5400123,-46.6635041,22,57,9,159,26,55,86,16,101,21
12,"Alameda Barros, Santa Cecília, São Paulo",-23.5355801,-46.6584882,32,31,4,175,61,66,90,29,105,29
13,"Rua Marquês de Itu, Higienopólis, São Paulo",-23.5437132,-46.6517102,52,64,4,151,101,75,93,41,114,83
14,"Rua Palmeiras, Santa Cecília, São Paulo",-23.5375783,-46.6509087,33,45,1,205,81,70,83,29,108,63
15,"Rua Martim Francisco, Santa Cecília, São Paulo",-23.5377227,-46.6508727,34,48,1,204,84,72,83,29,107,63
16,"Rua Benvinda Aparecida de Abreu Leme, Santana, São Paulo",-23.499055,-46.6234565,16,36,1,102,19,37,69,7,60,18
17,"Rua Voluntários da Pátria, Santana, São Paulo",-23.4921214,-46.625976,8,23,2,108,7,31,59,8,54,8
18,"Rua Copacabana, Santana, São Paulo",-23.4935428,-46.6383657,9,16,1,77,13,28,38,12,55,4
19,"Rua Comendador Joaquim Monteiro, Santana, São Paulo",-23.5038438,-46.6307492,15,34,4,127,27,36,64,10,58,26
20,"Rua Duarte de Azevedo, Santana, São Paulo",-23.5010178,-46.6211224,13,33,1,104,20,34,62,7,67,23
21,"Rua Carlos Escobar, Santana, São Paulo",-23.5016591,-46.6349952,12,21,1,124,22,38,59,10,55,8
22,"Rua Conde de Itu, Santo Amaro , São Paulo",-23.6514347,-46.6971318,6,25,0,71,6,35,65,21,71,7
23,"Rua Conde de Itu, Santo Amaro, São Paulo",-23.6514347,-46.6971318,6,25,0,71,6,35,65,21,71,7
24,"Avenida Adolfo Pinheiro, Santo Amaro , São Paulo",-23.6471296,-46.7020645,7,29,1,68,4,28,73,12,66,11
25,"Rua Doutor Antônio Bento, Santo Amaro , São Paulo",-23.6479087,-46.7039581,8,38,0,104,9,28,79,12,78,12
26,"Avenida Nossa Senhora do Sabará, Jardim Marajoara , São Paulo",-23.6629818,-46.6921796,8,14,1,81,8,49,37,34,66,3
27,"Rua Borba Gato, Santo Amaro , São Paulo",-23.655843,-46.7009549,6,28,0,45,4,42,60,17,68,10
28,"Praça Santa Cruz, Santo Amaro , São Paulo",-23.648339399999998,-46.70264662960753,7,33,1,91,7,30,82,14,76,10
29,"Rua José de Alencar, Jardim Marajoara , São Paulo",-23.658555,-46.696656,6,16,0,63,6,51,47,27,71,2
30,"Rua Caramuru, Saúde, São Paulo",-23.6090831,-46.6370477,16,34,2,147,25,56,53,22,85,7
31,"Rua Dias de Toledo, Saúde, São Paulo",-23.6145261,-46.6348774,8,31,2,127,14,64,56,23,95,15
32,"Rua Uvaias, Saúde, São Paulo",-23.6214992,-46.6409903,3,26,3,141,15,49,65,20,72,14
33,"Rua General Chagas Santos, Saúde, São Paulo",-23.6160495,-46.6275282,4,15,1,100,17,37,43,20,87,7
34,"Rua Araçoiaba, Saúde, São Paulo",-23.6204272,-46.6323576,3,27,3,140,18,51,48,22,88,13
35,"Avenida Bosque da Saúde, Saúde, São Paulo",-23.6122011,-46.6288507,7,16,1,112,19,49,46,25,76,6
36,"Rua Visconde de Inhaúma, Saúde, São Paulo",-23.6169762,-46.6325449,6,26,3,134,18,54,55,20,93,13
37,"Rua Domiciano Ribeiro, Limão, São Paulo",-23.4850317,-46.6692916,4,3,2,18,9,11,32,2,20,5
38,"Rua José de Figueiredo Seixas, Imirim, São Paulo",-23.4805537,-46.6573321,8,4,0,33,8,18,29,7,23,4
39,"Rua Santa Faustina, Jardim São Bento, Casa Verde, São Paulo",-23.4856928,-46.654875,2,9,0,54,4,23,41,10,33,6
40,"Rua Ventura Carneiro, Vila Amélia, Cachoeirinha, São Paulo",-23.4813908,-46.6584903,1,4,0,32,8,17,28,6,23,2
41,"Praça Barão Itaqui, Tatuapé, São Paulo",-23.54036675,-46.568056850000005,18,63,3,207,52,50,82,25,79,21
42,"Rua Tuiuti, Tatuapé, São Paulo",-23.5306717,-46.5756789,6,15,2,84,12,25,45,19,50,7
43,"Rua José Tavares Siqueira, Tatuapé, São Paulo",-23.5311011,-46.5686071,7,36,3,93,15,39,43,18,52,11
44,"Rua Henrique Sertório, Tatuapé, São Paulo",-23.5382527,-46.5781585,18,40,4,135,23,31,76,24,83,18
45,"Rua Coronel Gustavo Santiago, Tatuapé, São Paulo",-23.5349025,-46.5652685,12,55,3,90,21,43,52,23,45,9
46,"Avenida Celso Garcia, Tatuapé, São Paulo",-23.5358333,-46.5713235,12,44,6,142,25,37,70,29,79,22
47,"Rua Teixeira de Melo, Tatuapé, São Paulo",-23.5377289,-46.5736704,13,47,6,139,25,35,70,27,81,22
48,"Rua Santa Catarina, Tatuapé, São Paulo",-23.5298714,-46.5667717,6,34,3,86,15,34,35,16,54,8
49,"Rua Celso Ramos, Campo Limpo, São Paulo",-23.6272287,-46.7467755,1,3,4,22,8,17,31,56,20,2
50,"Rua Alexandre Benois, Vila Andrade, São Paulo",-23.6334871,-46.7377874,9,14,6,92,6,42,53,34,82,2
51,"Rua José da Silva Ribeiro, Vila Andrade, São Paulo",-23.6229549,-46.7382414,9,14,6,91,7,33,52,46,96,5
52,"Rua Castelhano, Vila Andrade, São Paulo",-23.6313897,-46.7385463,11,14,7,45,5,43,55,42,90,3
53,"Rua Chapada de Minas, Vila Andrade, São Paulo",-23.626642,-46.745831,1,3,5,29,8,23,43,55,37,3
54,"Rua João Simões de Souza, Morumbi, São Paulo",-23.6232587,-46.7441378,1,5,5,42,10,19,41,47,47,1
55,"Rua Costa Barros, Vila Prudente, São Paulo",-23.5973784,-46.5593643,5,6,1,23,13,8,37,1,20,3
56,"Rua Hilário Capote Valente, São Paulo",-23.5986681,-46.5501598,13,7,1,42,8,13,31,13,40,2
57,"Rua Heloísa Pamplona, Centro, São Caetano do Sul",-23.6100096,-46.5667984,7,19,1,94,28,35,57,5,67,11
58,"Rua Doutor Vicente Giacaglini, Vila Prudente, São Paulo",-23.6047605,-46.5681757,1,9,1,63,4,18,27,9,41,9
59,"Rua Coriolano Durand, Jabaquara, São Paulo",-23.6521942,-46.6550285,2,7,1,41,11,13,39,12,49,3
60,"Rua Octávio Teixeira Mendes Sobrinho, Jabaquara, São Paulo",-23.656946,-46.6557703,4,6,0,42,10,12,41,7,32,4
61,"Rua Antônio Covello, Jabaquara, São Paulo",-23.6586711,-46.6611665,14,11,0,54,6,14,34,10,37,4
62,"Rua Doutor Rui de Azevedo Sodré, Jabaquara, São Paulo",-23.6571462,-46.6526081,4,6,0,33,8,13,39,8,24,1
63,"Rua Brasilina Fonseca, Jabaquara, São Paulo",-23.6569975,-46.650039,5,6,0,29,8,13,35,6,24,3
64,"Rua Ganges, Vila Carrão, São Paulo",-23.5477071,-46.5294465,4,3,1,47,6,23,31,5,51,7
65,"Avenida Guilherme Giorgi, Vila Formosa, São Paulo",-23.5535096,-46.544825,6,9,1,62,14,24,33,9,52,3
66,"Rua Evangelina, Vila Carrão, São Paulo",-23.5492841,-46.5438977,5,9,2,59,14,22,36,13,58,3
67,"Rua Biguaçu, Vila Carrão, São Paulo",-23.5501553,-46.5307397,5,3,1,48,7,21,30,7,53,8
68,"Avenida Conselheiro Carrão, Vila Carrão, São Paulo",-23.5435212,-46.5465869,3,7,3,64,10,19,33,16,54,2
69,"Rua Lutécia, Vila Carrão, São Paulo",-23.547253,-46.5402849,3,6,2,58,12,26,35,9,54,5
70,"Rua Nova Jerusalém, Vila Carrão, São Paulo",-23.5511801,-46.5509078,10,10,3,96,13,33,45,20,46,3
71,"Rua Tamaindê, Vila Carrão, São Paulo",-23.5441587,-46.5346025,5,4,3,59,4,24,36,5,49,2
72,"Rua Borges Lagoa, Vila Clementino, São Paulo",-23.5970229,-46.643828,32,70,5,60,31,70,105,14,92,30
73,"Avenida 11 de Junho, Vila Clementino, São Paulo",-23.601376,-46.650189,12,63,9,121,27,71,96,10,64,21
74,"Rua Jorge Tibiriçá, Vila Mariana, São Paulo",-23.5982415,-46.6316588,18,67,4,109,21,60,91,26,88,18
75,"Avenida Doutor Altino Arantes, Vila Clementino, São Paulo",-23.602783,-46.6368936,22,57,5,153,30,53,83,20,91,14
76,"Rua Desembargador Aragão, Vila Mariana, São Paulo",-23.5931034,-46.6310962,20,60,3,129,21,58,92,32,75,25
77,"Rua Areia do Rosário, Jaçana, São Paulo",-23.4692393,-46.5765462,3,7,0,37,8,12,32,3,40,4
78,"Avenida Jaçanã, Jaçana, São Paulo",-23.466753,-46.5887981,3,7,1,36,7,12,30,2,36,6
79,"Rua Itza, Jaçana, São Paulo",-23.4683134,-46.5763568,12,7,0,35,7,12,32,3,34,4
80,"Rua João Teixeira de Barros, Jaçana, São Paulo",-23.4690196,-46.5826584,3,8,1,38,5,14,37,3,41,4
81,"Avenida Paulo Lincoln do Valle Pontin, Jaçana, São Paulo",-23.4597634,-46.5855894,1,3,0,32,6,10,31,0,19,0
82,"Rua José Buono, Jaçana, São Paulo",-23.4654643,-46.5847646,3,7,1,32,4,14,37,3,39,4
83,"Rua Ângelo Aloísio, Jaçana, São Paulo",-23.4598251,-46.5845292,1,3,0,31,6,11,34,0,21,1
84,"Avenida Henri Janor, Jaçana, São Paulo",-23.4697205,-46.5891017,4,8,1,35,6,17,31,2,40,6
85,"Rua 22 de Agosto, Cachoeirinha, São Paulo",-23.4665722,-46.6589533,8,4,3,21,7,7,35,6,19,3
86,"Rua Jornalista Octávio Ribeiro-Pena Branca, Cachoeirinha, São Paulo",-23.4642425,-46.659619,6,4,2,20,6,5,32,6,17,4
87,"Avenida General Penha Brasil, Brasilandia, São Paulo",-23.455369,-46.675515,1,2,0,14,9,6,11,1,17,2
88,"Avenida Boschetti, Vila Ede, São Paulo",-23.4909894,-46.5941916,1,5,3,43,8,10,28,3,37,2
89,"Rua Major Dantas Cortez, Tucuruvi, São Paulo",-23.4811443,-46.6001388,8,14,4,91,7,16,47,5,67,8
90,"Av. Boschetti, 195 - Vila Medeiros, São Paulo - Sp, 02205-000, Brasil, Vila Ede, São Paulo",-23.4902986,-46.5935825,1,5,3,49,8,8,31,2,40,3
91,"Rua Anacleto, Vila Ede, São Paulo",-23.493038,-46.5996862,3,4,1,44,8,15,38,4,51,6
92,"Avenida Ede, Vila Ede, São Paulo",-23.4943833,-46.5920942,10,5,3,44,4,14,32,6,41,4
93,"Rua Edmundo Juventino Fuentes, São Paulo",-23.5843195,-46.5365467,8,2,1,30,10,16,30,11,30,3
94,"Rua Paulo Bender, São Lucas, São Paulo",-23.5877421,-46.539653,11,6,1,42,4,17,26,14,46,4
95,"Rua Solidônio Leite, São Lucas, São Paulo",-23.5800979,-46.551315,5,5,3,35,10,7,25,5,30,5
96,"Avenida Vila Ema, São Lucas, São Paulo",-23.5914172,-46.5405168,3,4,0,44,4,19,31,17,40,4
97,"Rua Orlando Calisto, São Lucas, São Paulo",-23.5950571,-46.5555078,6,8,2,44,7,11,0,5,38,3
98,"Rua Atuai, Penha, São Paulo",-23.5306721,-46.5287886,4,11,3,55,10,24,48,9,43,4
99,"Rua Evans, Penha, São Paulo",-23.5270493,-46.525264,4,10,3,60,8,23,45,5,41,7
100,"Rua Demini, Penha, São Paulo",-23.5300172,-46.5324473,5,14,2,60,8,28,51,7,43,4
101,"Avenida Padres Olivetanos, Vila Esperança, São Paulo",-23.5265264,-46.5263372,4,10,3,52,7,24,0,6,45,3
102,"Rua Isabel, Vila Esperança, São Paulo",-23.5251097,-46.5273535,3,9,3,52,5,24,48,3,39,2
103,"Rua Atuaí, Penha, São Paulo",-23.5306721,-46.5287886,4,11,3,55,10,24,48,9,43,4
104,"Rua Embiruçú, Penha, São Paulo",-23.5264634,-46.5330864,4,14,3,49,5,25,43,7,35,4
105,"Rua Felício Pereira, Vila Formosa, São Paulo",-23.5738062,-46.5318982,6,9,1,37,4,15,29,5,36,6
106,"Rua Jacaracanga, Vila Formosa, São Paulo",-23.5684088,-46.5504867,1,12,3,57,4,29,35,5,40,5
107,"Avenida Guilherme Giorgi, Vila Carrão, São Paulo",-23.5535096,-46.544825,6,9,1,62,14,24,33,9,52,3
108,"Rua Camberra, Vila Formosa, São Paulo",-23.5659275,-46.5532966,4,9,3,87,6,39,37,4,91,3
109,"Rua Iru, Vila Formosa, São Paulo",-23.5633463,-46.5413023,4,15,2,49,5,28,36,3,53,7
110,"Rua Vênus, Vila Formosa, São Paulo",-23.5655775,-46.5408799,4,15,2,56,4,26,36,4,53,4
111,"Rua Pretória, Vila Formosa, São Paulo",-23.5628051,-46.5432517,2,13,2,52,5,29,27,6,45,8
112,"Rua Oswaldo Arouca, Vila Carrão, São Paulo",-23.5608698,-46.5370815,4,10,0,42,5,23,23,1,44,7
113,"Rua Carlito, Vila Formosa, São Paulo",-23.5708193,-46.5415301,4,12,1,51,9,25,33,5,57,3
114,"Rua Maria Cândida, Vila Guilherme, São Paulo",-23.5016066,-46.6126604,7,10,3,67,23,26,42,5,58,9
115,"Rua Pedra Sabão, Vila Guilherme, São Paulo",-23.5094693,-46.6023642,12,9,2,28,4,16,34,5,41,4
116,"Rua Maria Cândida, Santana, São Paulo",-23.5034417,-46.6090719,6,6,8,66,12,25,47,7,55,9
117,"Rua do Canal, Vila Guilherme, São Paulo",-23.5101705,-46.6043936,2,8,5,64,10,15,39,9,43,4
118,"Rua Lagoa Panema, Vila Guilherme, São Paulo",-23.5052641,-46.605574,14,10,5,67,12,16,31,8,54,4
119,"Rua Manuel de Almeida, Vila Guilherme, São Paulo",-23.5037645,-46.6010057,12,9,0,50,7,18,32,11,40,4
120,"Rua João Ventura Batista, 622 - Vila Guilherme, São Paulo - Sp, Brasil, Vila Guilherme, São Paulo",-23.5164667,-46.6055219,3,4,5,59,8,8,36,10,32,3
121,"Rua Capitão Luís Ramos, Vila Guilherme, São Paulo",-23.5071134,-46.6078188,2,9,7,71,4,0,43,8,44,5
122,"Avenida Júlio Buono, Vila Gustavo, São Paulo",-23.483415,-46.5907446,4,9,3,68,11,9,24,0,0,3
123,"Rua Capricho, Vila Gustavo, São Paulo",-23.4827905,-46.5933057,4,11,2,81,9,12,35,2,36,5
124,"Rua Rosa Maria, Vila Gustavo, São Paulo",-23.4815308,-46.5950933,6,13,2,90,4,17,41,2,57,9
125,"Avenida Gustavo Adolfo, Vila Gustavo, São Paulo",-23.4821925,-46.5903748,4,9,2,67,11,9,28,2,26,4
126,"Rua Borges, Vila Gustavo, São Paulo",-23.4869049,-46.6006042,7,13,3,92,13,21,49,5,62,14
127,"Rua Tanque Velho, Vila Gustavo, São Paulo",-23.480603,-46.5899439,4,7,1,61,12,10,27,2,38,5
128,"Rua São Patrício, Vila Gustavo, São Paulo",-23.486771,-46.5985213,5,13,2,92,9,16,46,4,62,11
129,"Avenida Júlio Buono, Jardim Brasil , São Paulo",-23.4745379,-46.5774613,4,6,0,42,8,15,37,2,57,3
130,"Avenida Boschetti, Vila Medeiros, São Paulo",-23.4909894,-46.5941916,1,5,3,43,8,10,28,3,37,2
131,"Rua Aroaba, Vila Leopoldina, São Paulo",-23.5337182,-46.7306192,8,16,4,90,12,36,46,18,80,4
132,"Rua Nanuque, Vila Leopoldina, São Paulo",-23.5311264,-46.7255523,8,14,2,91,10,42,40,23,66,5
133,"Avenida Imperatriz Leopoldina, Vila Leopoldina, São Paulo",-23.5273982,-46.7342638,14,19,1,104,19,41,54,27,76,4
134,"Rua Brentano, Vila Leopoldina, São Paulo",-23.530754,-46.7237042,10,13,2,72,6,46,41,24,62,5
135,"Rua Carlos Weber, Vila Leopoldina, São Paulo",-23.5325309,-46.726166,7,13,2,88,9,39,41,23,70,5
136,"Avenida Mofarrej, Vila Leopoldina, São Paulo",-23.5336279,-46.7438953,5,5,1,52,6,11,74,6,23,4
137,"Avenida Interlagos, Vila Arriete, São Paulo",-23.6845713,-46.6921367,4,4,1,63,5,15,36,12,54,4
138,"Avenida Engenheiro José Salles, Socorro, São Paulo",-23.6891278,-46.6998602,3,6,2,38,7,14,26,8,22,3
139,"Rua Miguel Yunes, Campo Grande, São Paulo",-23.6846657,-46.6916821,3,3,1,56,5,14,38,11,52,4
140,"Rua Pascoal Vita, Alto de Pinheiros, São Paulo",-23.5499825,-46.6951454,37,35,2,106,54,64,65,16,71,21
141,"Rua Rodesia, Vila Madalena, São Paulo",-23.553053,-46.6936027,63,38,5,161,149,65,61,12,79,25
142,"Rua Harmonia, Vila Madalena, São Paulo",-23.5527985,-46.6897297,69,42,4,160,148,63,65,14,80,25
143,"Rua Ourânia, Alto de Pinheiros, São Paulo",-23.5535112,-46.6991676,28,21,6,95,46,49,66,14,56,12
144,"Rua Oscar Caravelas, Alto de Pinheiros, São Paulo",-23.5436323,-46.694435,22,27,2,74,15,55,47,17,55,14
145,"Rua José Ataliba Ortiz, Vila Mangalot, São Paulo",-23.5038178,-46.7433424,3,12,0,53,8,20,35,0,29,11
146,"Rua Rubens de Souza Araújo, São Domingos, São Paulo",-23.5066757,-46.7429888,3,10,0,44,4,24,34,0,26,9
147,"Rua José Barreto dos Santos, São Domingos, São Paulo",-23.5047496,-46.7456905,4,11,0,51,8,21,36,0,29,11
148,"Rua João Veloso de Oliveira, São Domingos, São Paulo",-23.5043507,-46.7423585,4,12,0,61,8,25,40,0,30,11
149,"Praça Itaquirai, São Domingos, São Paulo",-23.5049841,-46.74448639682126,3,11,0,50,8,22,35,0,30,11
150,"Rua Doutor Neto de Araujo, Vila Mariana, São Paulo",-23.5869174,-46.6334482,28,71,4,125,34,47,70,27,72,27
151,"Rua Joaquim Távora, Vila Mariana, São Paulo",-23.5838142,-46.63672,31,67,4,204,50,55,81,24,94,44
152,"Rua Carlos Petit, Vila Mariana, São Paulo",-23.5842597,-46.6354079,32,68,4,176,46,58,72,24,96,35
153,"Rua Rio Grande, Vila Mariana, São Paulo",-23.5904308,-46.6411279,39,73,7,194,43,65,94,20,76,41
154,"Rua Francisco Cruz, Vila Mariana, São Paulo",-23.5907124,-46.6335376,27,66,5,141,27,56,87,30,73,27
155,"Rua Abel Ramos, Vila Maria , São Paulo",-23.5078655,-46.5846628,11,10,1,58,4,26,46,4,46,5
156,"Rua Gastão Madeira, Vila Maria , São Paulo",-23.5055855,-46.5859585,10,11,2,52,8,25,34,6,42,3
157,"Rua Soldado José Fernandes da Silva, Vila Maria , São Paulo",-23.5066743,-46.5728983,9,3,2,31,4,19,37,3,23,4
158,"Rua Itaúna, Vila Maria , São Paulo",-23.5164415,-46.5910409,4,21,2,52,13,16,56,3,57,4
159,"Rua Santa Veridiana, Vila Maria , São Paulo",-23.5070254,-46.5924407,12,9,1,55,6,21,34,6,47,4
160,"Rua Mere Amedea, Vila Maria , São Paulo",-23.5069497,-46.5892945,14,11,2,61,6,25,43,5,43,2
161,"Rua Santa Veridiana, Vila Maria, São Paulo",-23.5070254,-46.5924407,12,9,1,55,6,21,34,6,47,4
162,"Avenida das Cerejeiras, Vila Maria , São Paulo",-23.4996738,-46.5728097,7,6,1,37,4,21,33,1,23,5
163,"Avenida Damasceno Vieira, Jabaquara, São Paulo",-23.6461639,-46.6645076,5,19,1,83,13,37,49,24,67,6
164,"Avenida Santa Catarina, Jabaquara, São Paulo",-23.6572111,-46.6540234,2,5,0,35,8,14,40,8,26,2
165,"Rua Maratona, Vila Alexandria, São Paulo",-23.6433821,-46.6715832,6,13,1,79,12,42,41,22,69,7
166,"Rua Tebas, Jabaquara, São Paulo",-23.6408909,-46.6641005,5,13,1,100,9,39,40,28,64,3
167,"Rua Doutor Djalma Pinheiro Franco, Cidade Ademar, São Paulo",-23.654762,-46.6676696,6,13,1,59,12,20,35,25,59,5
168,"Rua Jamunda, Vila Mazzei, São Paulo",-23.471292,-46.5979942,5,6,5,44,10,19,31,8,29,9
169,"Rua dos Jacarandás Mimosos, Tucuruvi, São Paulo",-23.4638665,-46.6029207,21,5,0,35,10,24,38,9,33,7
170,"Rua Major Turíbio Moraes, Tucuruvi, São Paulo",-23.4694795,-46.5941321,4,5,3,23,5,19,25,4,26,5
171,"Rua Carlos Gomes, Tucuruvi, São Paulo",-23.4749731,-46.6096215,5,14,4,76,4,17,50,13,61,7
172,"Avenida Mazzei, Vila Mazzei, São Paulo",-23.4743028,-46.6017079,7,15,4,79,5,26,38,10,62,8
173,"Rua Vitalina Moura, Cachoeirinha, São Paulo",-23.4769572,-46.6571801,1,5,0,44,12,15,29,6,28,3
174,"Avenida Deputado Emílio Carlos, São Paulo",-23.4765678,-46.6706702,2,3,3,35,9,11,47,5,43,8
175,"Rua Professor José Soares de Mello, Cachoeirinha, São Paulo",-23.4701956,-46.6669338,1,4,2,28,11,9,45,8,42,7
176,"Rua Aída Gomes Toledo, Cachoeirinha, São Paulo",-23.4756894,-46.6580156,2,5,0,48,5,16,43,6,36,3
177,"Rua Franklin do Amaral, Cachoeirinha, São Paulo",-23.4763022,-46.6614702,3,4,1,34,6,12,48,12,29,9
178,"Rua José Ferreira de Castro, Cachoeirinha, São Paulo",-23.4721971,-46.6529354,3,3,3,39,5,11,30,4,31,5
179,"Rua Diogo Jacome, Moema, São Paulo",-23.5925542,-46.6650932,5,24,5,116,15,76,78,12,66,20
180,"Rua Periquito, Moema, São Paulo",-23.5992466,-46.6721461,13,55,6,172,47,68,84,15,119,26
181,"Rua Fiandeiras, Vila Olímpia, São Paulo",-23.5956506,-46.6810748,29,65,8,194,94,76,116,19,87,43
182,"Rua Santa Justina, Itaim, São Paulo",-23.5961649,-46.6797922,23,64,7,186,89,72,119,18,79,41
183,"Rua Alvorada, Itaim, São Paulo",-23.5981878,-46.6829038,25,61,8,173,75,76,109,22,74,41
184,"Rua Iaiá, Itaim Bibi, São Paulo",-23.5869355,-46.6792924,19,42,3,247,109,81,128,20,104,50
185,"Rua do Rocio, Vila Olímpia, São Paulo",-23.5940323,-46.6860512,27,20,7,193,90,71,105,17,98,46
186,"Rua João Cachoeira, Itaim Bibi, São Paulo",-23.5888491,-46.6764719,13,31,2,245,103,67,120,19,96,49
187,"Rua Alvorada, Vila Olímpia, São Paulo",-23.5960891,-46.6825583,27,58,9,205,90,75,103,20,92,43
188,"Avenida Santo Amaro, Moema, São Paulo",-23.5906997,-46.6724874,11,34,4,152,77,69,112,17,99,35
189,"Rua Pintassilgo, Moema, São Paulo",-23.6033057,-46.6733165,15,54,6,145,41,61,82,13,116,39
190,"Avenida Doutor Cardoso de Melo, Itaim, São Paulo",-23.5956997,-46.6907055,23,30,5,139,55,80,98,17,103,46
191,"Rua Helena, Vila Olímpia, São Paulo",-23.5931657,-46.6860554,29,19,7,199,93,70,108,14,92,48
192,"Rua Doutor Miranda de Azevedo, Vila Pompéia, São Paulo",-23.5320506,-46.691796,21,31,6,111,53,48,46,26,60,6
193,"Rua Apiacás, Perdizes, São Paulo",-23.5362868,-46.6779847,28,51,4,76,34,66,62,23,81,16
194,"Rua Turiassu, Perdizes, São Paulo",-23.5256746,-46.6824595,31,30,3,135,61,59,68,22,94,16
195,"Rua Apinajés, Perdizes, São Paulo",-23.5431115,-46.6842283,29,32,7,127,20,70,55,17,72,17
196,"Rua Marcelina, Vila Romana, São Paulo",-23.5302603,-46.6955358,22,22,5,120,40,44,45,28,54,10
197,"Rua Airosa Galvão, Perdizes, São Paulo",-23.5289289,-46.6743559,38,28,9,188,51,59,78,18,104,47
198,"Rua Doutor Augusto de Miranda, Vila Pompéia, São Paulo",-23.5326085,-46.6912451,20,31,5,111,54,47,48,26,53,7
199,"Av Francisco Matarazzo, Barra Funda, São Paulo",-23.5257003,-46.6790338,31,24,4,119,55,56,76,23,104,20
200,"Rua Aimberê, Perdizes, São Paulo",-23.5325595,-46.6780415,39,46,4,189,63,62,67,17,106,18
201,"Rua Venâncio Aires, Perdizes, São Paulo",-23.5269433,-46.6840772,30,32,6,149,65,59,60,21,97,15
202,"Rua do Orfanato, Vila Prudente, São Paulo",-23.5797936,-46.5815034,5,31,2,39,8,43,53,15,38,10
203,"Rua Torquato Tasso, Vila Prudente, São Paulo",-23.5785898,-46.5788061,4,31,4,88,11,41,47,12,41,8
204,"Rua Itanhaém, Vila Prudente, São Paulo",-23.5821502,-46.575926,5,26,7,95,12,37,41,16,50,8
205,"Rua Padre Mário Fontana, Mooca, São Paulo",-23.579532649999997,-46.58944943345679,6,23,3,101,11,38,53,9,82,11
206,"Rua Cananéia, Vila Prudente, São Paulo",-23.5818704,-46.5834845,5,29,2,79,14,45,51,15,43,10
207,"Rua Ilansa, Mooca, São Paulo",-23.5791289,-46.5883235,6,24,3,96,12,42,56,9,85,11
208,"Rua Quaritere, Mooca, São Paulo",-23.5776029,-46.5904789,5,23,3,93,12,39,48,6,77,10
209,"Rua Ibitirama, Vila Prudente, São Paulo",-23.5839363,-46.5844132,4,26,4,74,14,37,51,15,53,11
210,"Rua Hungara, Vila Romana, São Paulo",-23.530628,-46.7033899,10,28,4,118,19,33,59,16,44,7
211,"Rua Coriolano, Lapa, São Paulo",-23.5260477,-46.692671,27,31,6,141,46,47,52,25,52,13
212,"Rua Marco Aurélio, Lapa, São Paulo",-23.5349126,-46.6961061,15,17,4,94,31,40,38,24,55,5
213,"Avenida Vila Ema, São Lucas,São Paulo",-23.5914172,-46.5405168,3,4,0,44,4,19,31,17,40,4
214,"Rua Glória do Goitá, São Lucas, São Paulo",-23.5846424,-46.5608643,3,5,5,49,6,16,39,13,25,6
215,"Rua João Bizarro da Nave, Agua Rasa, São Paulo",-23.5722852,-46.565997,1,6,2,49,6,21,30,3,34,3
216,"Rua Giovani Pattoli, Vila Prudente, São Paulo",-23.5842785,-46.5708294,5,14,4,71,16,30,30,8,43,3
217,"Rua Frei Bonifácio Dux, Vila Sônia, São Paulo",-23.603541,-46.7325456,2,8,2,43,9,31,26,21,38,1
218,"Rua Francisco Marson, Vila Sonia, São Paulo",-23.602151,-46.7412005,3,15,0,36,5,25,39,14,30,6
219,"Rua Lessia Ukrainka, Vila Sonia, São Paulo",-23.5955021,-46.7250041,3,8,2,58,11,44,33,8,39,3
220,"Rua Ibiapaba, Vila Sônia, São Paulo",-23.5930999,-46.7296339,9,14,0,69,12,30,35,7,53,6
221,"Avenida Eliseu de Almeida, Butantã, São Paulo",-23.5759013,-46.7125827,8,20,4,87,15,29,54,5,69,16
222,"Rua Nilza Medeiros Martins, Vila Sônia, São Paulo",-23.5994121,-46.7295652,4,8,3,36,7,32,29,5,40,4
223,"Rua Dias Vieira, Vila Sônia, São Paulo",-23.5985782,-46.7365111,3,13,0,46,4,27,36,9,34,4
224,"Avenida Professor Francisco Morato, Butantã, São Paulo",-23.5738424,-46.7062996,9,24,3,91,19,32,61,5,39,28
225,"Rua Marquês de Lages, Vila das Mercês, São Paulo",-23.6257532,-46.6025894,1,9,1,64,4,23,52,16,56,5
226,"Rua Vergueiro, Vila das Mercês, São Paulo",-23.620019,-46.602153,3,8,1,68,4,24,49,19,51,3
227,"Rua Descampado, Vila das Mercês, São Paulo",-23.6227192,-46.6052629,1,10,2,28,4,29,50,17,48,4
228,"Avenida Santo Albano, Vila das Mercês, São Paulo",-23.6177749,-46.6059358,6,14,3,56,4,30,40,16,49,4
229,"Rua Budapeste, Sacomã, São Paulo",-23.6187979,-46.5991531,2,13,1,59,10,16,45,15,51,3
230,"Rua Elba, Vila das Mercês, São Paulo",-23.6181542,-46.6043186,5,11,2,59,4,28,50,17,48,4
231,"Rua Abagiba, Vila das Mercês, São Paulo",-23.6184053,-46.6081968,3,10,4,56,4,31,42,15,53,4
232,"Rua Torres da Barra, Água Branca, São Paulo",-23.5139313,-46.6869244,8,8,5,38,6,17,44,9,28,10
233,"Rua Aristides Viadana, Lapa, São Paulo",-23.5171,-46.6987666,12,27,3,92,13,29,55,12,63,20
234,"Rua Joseph Nigri, Barra Funda, São Paulo",-23.5189768,-46.680511,17,9,5,92,21,30,60,11,85,11
235,"Rua Pablo Picasso, Barra Funda, São Paulo",-23.5178361,-46.6832894,14,13,1,60,23,32,38,16,65,12
236,"Rua Aristídes Viadana, Lapa, São Paulo",-23.5171,-46.6987666,12,27,3,92,13,29,55,12,63,20
237,"Rua Monte Belo, Tucuruvi, São Paulo",-23.4849788,-46.6125234,7,15,4,107,30,31,50,6,59,9
238,"Rua Outeiro da Cruz, Santana, São Paulo",-23.4888373,-46.617928,8,11,5,109,31,38,53,10,57,7
239,"Rua Frei Melchior, Santana, São Paulo",-23.4880776,-46.6199996,5,11,2,80,9,32,54,9,55,2
240,"Rua Casa Forte, Água Fria, São Paulo",-23.4812837,-46.6176159,2,10,3,89,7,28,46,6,57,6
241,"Rua Almirante Noronha, Santana, São Paulo",-23.491702,-46.615597,9,11,6,102,37,41,50,6,53,10
242,"Rua Doutor Guilherme Cristofel, Santana, São Paulo",-23.4882237,-46.6288743,6,17,2,94,21,38,51,11,53,2
243,"Rua Bela Cintra, Consolação, São Paulo",-23.5554089,-46.6607142,45,38,7,185,104,63,130,27,99,83
244,"Rua Herculano de Freitas, Consolação, São Paulo",-23.5557562,-46.6545422,68,47,8,214,119,67,141,39,132,84
245,"Rua Glicério, Liberdade, São Paulo",-23.5597577,-46.6311286,27,60,6,123,25,61,78,26,69,25
246,"Rua Álvaro de Carvalho, Republica, São Paulo",-23.5494981,-46.6444319,97,61,11,194,129,84,104,40,112,85
247,"Rua Paim, Consolação, São Paulo",-23.5540456,-46.6502546,81,59,5,134,121,71,95,45,106,77
248,"Rua Caio Prado, Consolação, São Paulo",-23.5492548,-46.6485394,81,59,9,208,114,70,85,50,107,73
249,"Avenida Rangel Pestana, Brás, São Paulo",-23.5458711,-46.6219263,6,15,3,108,14,22,45,14,66,19
250,"Rua Dona Antônia de Queirós, Higienópolis, São Paulo",-23.5500025,-46.6536617,66,58,7,202,112,65,109,44,118,69
251,"Rua Tabatinguera, Sé, São Paulo",-23.5525158,-46.630443,40,45,4,140,39,61,85,14,79,28
252,"Rua Azevedo Júnior, Sé, São Paulo",-23.5507373,-46.6239003,16,17,2,75,9,28,50,22,49,18
253,"Rua Genebra, Republica, São Paulo",-23.5516201,-46.6397308,94,41,12,183,105,82,105,23,102,66
254,"Rua Domingos Paiva, Bras, São Paulo",-23.5479017,-46.6150268,6,48,4,99,12,23,44,23,53,16
255,"Rua Álvaro de Carvalho, Centro, São Paulo",-23.5494981,-46.6444319,97,61,11,194,129,84,104,40,112,85
256,"Avenida Brigadeiro Luís Antônio, Bela Vista, São Paulo",-23.5559801,-46.6396754,62,56,6,184,95,62,80,19,83,62
257,"Rua Miguel Teles Júnior, Cambuci, São Paulo",-23.5640061,-46.6233803,9,14,6,73,5,29,42,27,53,4
258,"Rua Campos Sales, Brás, São Paulo",-23.5489142,-46.6185814,9,49,2,94,12,22,43,20,47,13
259,"Avenida Duque de Caxias, Santa Cecília, São Paulo",-23.5391555,-46.6461222,58,52,9,244,95,84,91,28,109,96
260,"Rua Tamandaré, Aclimação, São Paulo",-23.5600338,-46.631321,27,62,5,125,25,62,75,25,76,25
261,"Rua Bento Freitas, Republica, São Paulo",-23.5455917,-46.6455747,72,59,11,224,131,87,94,41,100,93
262,"Rua Itararé, Consolação, São Paulo",-23.5551826,-46.6545476,67,51,8,203,119,66,141,38,128,78
263,"Rua Conde de Sarzedas, Sé, São Paulo",-23.5545703,-46.6290103,39,41,3,114,32,51,74,26,78,23
264,"Rua da Consolação, Consolação, São Paulo",-23.5478778,-46.6486064,78,62,9,234,132,80,94,49,106,74
265,"Rua Pires da Mota, Liberdade, São Paulo",-23.5659474,-46.6322003,26,52,3,129,26,59,81,23,76,30
266,"Praça Júlio Mesquita, Centro, São Paulo",-23.5406927,-46.6432983,65,45,11,78,47,89,95,27,98,96
267,"Rua Claudino Pinto, Bras, São Paulo",-23.5484781,-46.6237423,14,18,2,109,16,28,55,19,65,20
268,"Avenida Brigadeiro Luis Antonio, Bela Vista, São Paulo",-23.5559801,-46.6396754,62,56,6,184,95,62,80,19,83,62
269,"Avenida 9 de Julho, Bela Vista, São Paulo",-23.5553142,-46.6490828,75,47,5,163,124,60,93,45,101,78
270,"Rua Visconde de Parnaíba, Mooca, São Paulo",-23.546872,-46.6085929,13,43,4,85,10,24,54,19,45,19
271,"Rua Mazzini, Aclimação, São Paulo",-23.5634067,-46.6255657,11,24,6,97,9,36,41,27,52,9
272,"R. Paim, Consolação, São Paulo",-23.5540456,-46.6502546,81,59,5,134,121,71,95,45,106,77
273,"Rua Augusta, Consolação, São Paulo",-23.5506347,-46.6481999,84,59,8,200,111,68,95,49,105,75
274,"Rua Alegria, Bras, São Paulo",-23.5493789,-46.6156927,8,48,2,109,15,23,49,23,58,16
275,"Rua Doutor Plínio Barreto, Bela Vista, São Paulo",-23.5575749,-46.6521241,71,43,7,233,121,68,129,42,134,84
276,"Rua Brigadeiro Tobias, Bom Retiro, São Paulo",-23.5352466,-46.6337902,28,48,3,211,23,33,55,6,92,59
277,"Rua Major Quedinho, Republica, São Paulo",-23.5509371,-46.6434046,90,58,13,228,123,84,92,41,110,69
278,"Rua São Carlos do Pinhal, Bela Vista, São Paulo",-23.5587686,-46.6563046,61,47,6,242,133,75,146,40,134,88
279,"Avenida Rio Branco, Republica, São Paulo",-23.541223,-46.6388021,59,36,9,239,106,83,87,23,118,108
280,"Rua Avanhandava, Consolação, São Paulo",-23.5514371,-46.6471509,92,59,9,205,114,70,92,47,111,83
281,"Avenida Ipiranga 1284, Centro, São Paulo",-24.1554931,-46.739948,1,0,0,4,0,3,1,0,4,3
282,"Rua Washington Luís, Centro, São Paulo",-23.6944857,-46.6276231,3,21,1,49,5,22,37,8,63,1
283,"Rua Major Diogo, Bela Vista, São Paulo",-23.5574899,-46.6427711,61,0,6,197,94,56,78,36,81,71
284,"Praça Carlos Gomes, Sé, São Paulo",-23.5532268,-46.63568513831815,53,58,5,224,83,76,95,26,98,48
285,"Rua Oscar Cintra Gordinho, Sé, São Paulo",-23.553256,-46.6288839,37,0,4,124,31,50,75,19,70,23
286,"Rua São Francisco, Sé, São Paulo",-23.5491038,-46.6379772,78,55,14,177,79,94,109,23,114,96
287,"Rua Genebra, Bela Vista, São Paulo",-23.552015,-46.6397187,94,51,11,188,105,79,105,24,103,65
288,"Rua Santo Antônio, Bela Vista, São Paulo",-23.5521251,-46.6458359,87,58,9,228,132,72,90,43,112,84
289,"Avenida São João, Santa Cecília, São Paulo",-23.5374896,-46.6488276,37,36,1,217,90,72,75,25,86,85
290,"Avenida Lacerda Franco, Cambuci, São Paulo",-23.563894,-46.6225095,7,13,7,65,4,27,44,29,59,3
291,"Rua Espírito Santo, Aclimação, São Paulo",-23.5676006,-46.6293802,18,44,7,126,13,55,62,19,76,11
292,"Largo do Arouche, Santa Cecília, São Paulo",-23.54140955,-46.646897167178125,60,67,10,243,102,81,93,33,99,91
293,"Rua Marquês de Paranaguá, Consolação, São Paulo",-23.5496315,-46.6501265,81,65,8,188,124,71,101,51,108,80
294,"Rua Santo Amaro, Bela Vista, São Paulo",-23.5554415,-46.6401737,70,52,7,206,106,69,86,23,104,69
295,"Rua Rocha, Bela Vista, São Paulo",-23.5602501,-46.6495499,60,39,7,233,136,59,134,38,0,77
296,"Rua Herculano de Freitas,Bela Vista, São Paulo",-23.5557562,-46.6545422,68,47,8,214,119,67,141,39,132,84
297,"Rua do Lavapés, Liberdade, São Paulo",-23.5598266,-46.6302806,23,59,5,124,25,56,68,27,68,23
298,"Rua Abolição, Bela Vista, São Paulo",-22.7522828,-47.3346551,2,18,1,69,15,16,46,5,35,6
299,"Rua Helena Zerrener, Sé, São Paulo",-23.555205,-46.6295441,40,49,3,120,33,56,72,23,70,28
300,"Rua Frei Caneca, Consolação, São Paulo",-23.5532642,-46.6522722,80,57,6,142,112,63,109,45,109,73
301,"Rua Sinimbu, Liberdade, São Paulo",-23.5575148,-46.6314556,37,59,6,98,33,57,78,19,84,31
302,"Rua João Adolfo, Republica, São Paulo",-23.5485101,-46.6403778,85,39,15,185,107,93,104,32,106,91
303,"Rua Afonso Pena, Bom Retiro, São Paulo",-23.527236,-46.6333851,22,40,6,101,21,21,61,5,49,28
304,"Rua Francisco Justino de Azevedo, Aclimação, São Paulo",-23.5634109,-46.6237957,9,11,6,64,5,32,43,31,58,4
305,"Rua Conselheiro Furtado, Liberdade, São Paulo",-23.561084,-46.6327245,32,64,5,132,26,60,80,19,83,31
306,"Rua Coronel Xavier de Toledo, Centro, São Paulo",-23.5460507,-46.6388828,69,35,11,192,91,84,103,24,121,97
307,"Rua Doutor Cesário Mota Júnior, Consolação, São Paulo",-23.5436966,-46.6489034,59,70,8,233,112,86,102,41,105,85
308,"Rua Castro Alves, Liberdade, São Paulo",-23.5698675,-46.6358565,35,51,3,162,27,65,115,24,114,55
309,"Rua José Getúlio, Liberdade, São Paulo",-23.56805,-46.6349954,30,56,3,139,25,63,96,27,111,37
310,"Alameda Joaquim Eugênio de Lima, Bela Vista, São Paulo",-23.5643543,-46.6490619,50,65,8,172,71,65,161,37,124,95
311,"Praça Franklin Roosevelt, Republica, São Paulo",-23.54869465,-46.64678129316892,89,62,11,240,125,80,99,50,117,76
312,"Rua Maria Antônia, Consolação, São Paulo",-23.5467881,-46.6504031,71,65,9,224,122,79,95,50,115,64
313,"Avenida Prestes Maia, Republica, São Paulo",-23.5407276,-46.6340972,51,37,6,178,46,70,79,9,126,82
314,"Rua dos Gusmões, Centro, São Paulo",-23.535552,-46.6370829,48,54,5,192,41,40,68,10,96,89
315,"Rua Tamandaré, Liberdade, São Paulo",-23.5602491,-46.6315569,27,63,5,128,25,62,74,26,80,26
316,"Rua Aurora, Republica, São Paulo",-23.5422047,-46.6437274,67,58,11,198,105,91,97,31,109,100
317,"Rua Caetano Pinto, Bras, São Paulo",-23.5489714,-46.6210138,6,19,3,81,12,23,54,19,54,17
318,"Rua Barata Ribeiro, Bela Vista, São Paulo",-23.5558529,-46.6505512,79,47,6,195,136,64,101,42,115,77
319,"Rua Vitoria, Republica, São Paulo",-23.5411253,-46.6443466,66,46,11,199,101,84,87,27,99,92
320,"Rua Conselheiro Furtado, Aclimação, São Paulo",-23.5583381,-46.6329283,37,66,6,121,37,59,86,16,85,35
321,"Rua da Gloria, Liberdade, São Paulo",-23.5599326,-46.6313696,27,64,6,124,25,62,75,25,78,25
322,"Rua Martins Fontes, republica, São Paulo",-23.5481678,-46.6428952,83,50,11,200,134,92,105,37,98,87
323,"Rua Barão de Jaguara, Cambuci, São Paulo",-23.5594649,-46.6183827,4,11,6,75,6,18,44,18,55,3
324,"Avenida Rangel Pestana, Bras, São Paulo",-23.5458711,-46.6219263,6,15,3,108,14,22,45,14,66,19
325,"Viaduto Nove de Julho, Republica, São Paulo",-23.5494086,-46.642261,93,44,13,164,122,94,101,36,92,86
326,"Rua Amaral Gurgel, Republica, São Paulo",-23.542789,-46.6476532,64,71,10,243,114,83,0,38,106,94
327,"Rua da Glória, Liberdade, São Paulo",-23.5599326,-46.6313696,27,64,6,124,25,62,75,25,78,25
328,"Avenida Ipiranga, Centro, São Paulo",-23.5416292,-46.63932,63,34,11,88,37,81,87,20,114,107
329,"Rua Galvão Bueno, Liberdade, São Paulo",-23.5610933,-46.6348397,38,67,3,143,41,59,80,20,71,40
330,"Rua Humaitá, Bela Vista, São Paulo",-23.5576844,-46.6422065,53,50,6,186,85,56,77,0,78,67
331,"Rua 24 de Maio, Republica, São Paulo",-23.5444986,-46.6392979,68,44,11,235,87,88,100,27,126,101
332,"Rua Nestor Pestana, Republica, São Paulo",-23.5488331,-46.6454508,94,68,11,239,136,78,107,47,114,82
333,"Rua Senador Feijó, Sé, São Paulo",-23.550523,-46.6353951,62,53,9,187,76,83,103,22,107,59
334,"Rua Alvaro de Carvalho, republica, São Paulo",-23.5494981,-46.6444319,97,61,11,194,129,84,104,40,112,85
335,"Rua Professor Antônio Prudente, Liberdade, São Paulo",-23.565755,-46.6376163,40,63,1,183,51,61,106,28,96,50
336,"Rua Cincinato Braga, Bela Vista, São Paulo",-23.5674522,-46.6471463,39,0,7,214,72,64,146,39,132,87
337,"Rua Campevas, Sumaré, São Paulo",-23.5375132,-46.676139,27,50,3,189,35,56,56,22,84,14
338,"Rua Augusta, Jardim Paulista, São Paulo",-23.563133,-46.6654613,54,63,4,243,85,74,96,23,116,71
339,"Alameda Santos, Jardim Paulista, São Paulo",-23.5566934,-46.6638193,39,47,6,206,124,60,115,20,110,74
340,"Alameda Barão de Limeira, republica, São Paulo",-23.5403692,-46.6428239,64,47,11,75,43,86,96,26,95,102
341,"Rua Antônio de Godói, Centro, São Paulo",-23.5424109,-46.6378401,61,57,9,240,98,84,96,20,126,104
342,"Rua Groenlândia, Jardim Paulista, São Paulo",-23.5791613,-46.668154,12,30,5,134,23,45,105,9,46,31
343,"Rua José Maria Lisboa, Jardim Paulista, São Paulo",-23.568141,-46.657909,41,47,6,131,42,65,114,30,103,81
344,"Rua dos Patriotas, Ipiranga, São Paulo",-23.5834159,-46.6063279,12,27,1,38,31,44,55,13,71,5
345,"Rua Oscar Freire, Pinheiros, São Paulo",-23.5520959,-46.6778366,39,70,3,104,41,67,64,18,61,20
346,"Rua Maria Borba, consolação, São Paulo",-23.5471532,-46.6489072,71,69,9,235,126,77,93,49,100,70
347,"Rua Pedro Pomponazzi, Vila Mariana, São Paulo",-23.5899705,-46.6287492,14,68,3,108,13,53,81,28,68,20
348,"Rua Alexandrino da Silveira Bueno, Cambuci, São Paulo",-23.5658871,-46.6155755,6,12,6,82,4,19,36,17,44,3
349,"Rua Dona Adma Jafet, Bela Vista, São Paulo",-23.5581664,-46.6545072,69,44,8,244,141,75,147,42,133,92
350,"Rua General Osório, Santa Ifigenia, São Paulo",-23.5361885,-46.6397839,39,33,5,216,46,59,63,14,86,101
351,"Rua Artur Sabóia, Vila Mariana, São Paulo",-23.5767941,-46.6375342,34,56,4,177,37,81,99,17,127,48
352,"Rua Otávio Nébias, Paraíso, São Paulo",-23.5728299,-46.6507355,25,57,6,152,47,82,131,34,116,72
353,"Rua Cônego Eugênio Leite, Pinheiros, São Paulo",-23.5653291,-46.6795985,46,31,9,141,61,49,69,18,95,22
354,"Alameda Ribeirão Preto, Bela Vista, São Paulo",-23.5642706,-46.6490731,47,46,8,171,70,62,153,36,116,79
355,"Rua Doutor Seng, Bela Vista, São Paulo",-23.5626863,-46.6498319,52,57,8,201,82,62,155,34,102,82
356,"Rua Backer, Cambuci, São Paulo",-23.5681228,-46.6187433,5,21,5,84,4,24,38,18,56,2
357,"Rua Guarará, Jardim Paulista, São Paulo",-23.5726072,-46.6585323,26,27,4,160,36,73,75,26,77,55
358,"Rua dos Franceses, Bela Vista, São Paulo",-23.5582325,-46.6472107,62,48,6,218,111,60,111,37,125,77
359,"Avenida São João, Centro, São Paulo",-23.1108112,-46.5574865,3,7,0,27,4,12,33,0,38,5
360,"Rua João Antônio de Oliveira, Mooca, São Paulo",-23.5648128,-46.60255,7,9,3,36,19,27,53,18,44,7
361,"Rua Barra do Tibaji, Bom Retiro, São Paulo",-23.5216763,-46.6388038,11,11,9,112,23,34,56,6,52,12
362,"Rua João Ramalho, Perdizes, São Paulo",-23.5377605,-46.6702183,21,36,3,143,25,48,74,19,90,17
363,"Rua Visconde da Luz, Itaim, São Paulo",-23.5943384,-46.6768403,16,62,9,94,35,69,117,17,84,34
364,"Rua Ministro Godói, Perdizes, São Paulo",-23.5426944,-46.675753,21,47,4,122,21,64,53,17,69,12
365,"Rua Carneiro Leão, Bras, São Paulo",-23.5507899,-46.6221584,6,18,2,72,10,26,54,22,50,18
366,"Rua Caraíbas, Vila Pompéia, São Paulo",-23.5380486,-46.6864408,28,32,9,124,43,55,48,25,56,5
367,"Rua Cristiano Viana, Pinheiros, São Paulo",-23.5522083,-46.682116,59,57,4,155,108,74,73,20,73,29
368,"Rua França Pinto, Vila Mariana, São Paulo",-23.5850177,-46.6368945,30,66,4,161,42,59,79,23,88,37
369,"Rua Dona Brígida, Vila Mariana, São Paulo",-23.5863525,-46.6301135,19,43,3,87,20,52,61,25,65,22
370,"Rua Agostinho Gomes, Ipiranga, São Paulo",-23.6012718,-46.6027603,5,18,1,78,14,32,34,25,54,10
371,"Alameda Fernão Cardim, Jardim Paulista, São Paulo",-23.5688157,-46.6533005,30,57,7,212,50,74,134,36,109,85
372,"Rua Martiniano de Carvalho, Bela Vista, São Paulo",-23.565349,-46.6426981,36,65,4,219,68,61,139,31,109,73
373,"Alameda Campinas, Jardim Paulista, São Paulo",-23.5650588,-46.6524026,36,55,8,181,69,68,155,42,103,91
374,"Rua Professor João Arruda, Perdizes, São Paulo",-23.5417085,-46.6754221,19,43,4,124,22,57,52,18,71,12
375,"Rua Apinajés, Sumaré, São Paulo",-23.545595,-46.6859993,28,35,3,125,23,71,52,19,60,18
376,"Rua Joinville, Paraíso, São Paulo",-23.5823097,-46.6507017,29,53,14,101,26,81,59,10,63,27
377,"Rua dos Sorocabanos, Ipiranga, São Paulo",-23.5798176,-46.6055726,7,14,1,55,22,43,59,15,50,5
378,"Rua Eugênio de Freitas, Vila Guilherme, São Paulo",-23.5195533,-46.5977763,4,18,1,53,10,9,33,4,29,2
379,"Alameda Jaú, Jardim Paulista, São Paulo",-23.5655349,-46.6555483,43,57,7,218,71,83,142,40,116,92
380,"Rua Guaianases, Centro, São Paulo",-23.5351792,-46.6446611,38,43,2,219,61,63,59,19,94,89
381,"Rua Matias Aires, Consolação, São Paulo",-23.5548768,-46.6582633,46,37,6,199,110,65,139,32,122,75
382,"Rua Talmud Thorá, Bom Retiro, São Paulo",-23.526042,-46.6384994,26,42,0,124,18,29,65,4,65,22
383,"Rua Alves Guimarães, Pinheiros, São Paulo",-23.5502775,-46.6821081,53,49,3,159,66,75,65,14,76,25
384,"Rua Alagoas, Higienópolis, São Paulo",-23.5464984,-46.6580914,34,71,3,162,89,62,102,33,108,41
385,"Avenida Rio Branco, Santa Cecilia, São Paulo",-23.5329942,-46.6450457,37,32,4,202,42,52,55,18,88,59
386,"Rua Sapucaia, Mooca, São Paulo",-23.5534335,-46.5903842,2,35,4,112,34,43,49,26,55,6
387,"Rua Brigadeiro Galvão, Santa cecilia, São Paulo",-23.5312031,-46.6565398,35,39,5,200,50,56,70,31,72,24
388,"Rua Padre João Manuel, Jardim Paulista, São Paulo",-23.5631339,-46.6635556,57,46,5,244,101,84,108,27,124,82
389,"Rua Gaspar Fernandes, Cambuci, São Paulo",-23.5750324,-46.6156866,8,18,1,97,10,26,36,14,58,5
390,"Rua Lord Cockrane, Ipiranga, São Paulo",-23.5927863,-46.6023899,12,35,1,103,35,41,55,18,64,5
391,"Rua Doutor Genésio Pereira, Santana, São Paulo",-23.5080942,-46.6182947,12,22,7,124,18,20,58,4,112,24
392,"Rua Conselheiro Cotegipe, Belém, São Paulo",-23.5375823,-46.586554,12,22,0,99,14,32,52,18,38,13
393,"Rua Margarida, Barra Funda, São Paulo",-23.529509,-46.6616659,40,28,10,53,41,43,73,24,60,46
394,"Rua Doutor Franco da Rocha, Perdizes, São Paulo",-23.5343465,-46.6711547,31,39,8,153,41,57,78,23,86,23
395,"Rua Manuel da Nóbrega, Paraíso, São Paulo",-23.5771357,-46.6567853,23,36,6,155,26,70,66,14,55,41
396,"Avenida Lins de Vasconcelos, Cambuci, São Paulo",-23.5633695,-46.620845,5,9,7,69,6,23,41,22,49,2
397,"Rua João Moura, Pinheiros, São Paulo",-23.5511279,-46.6853513,72,56,5,194,136,75,77,14,62,27
398,"Rua Marina Crespi, Mooca, São Paulo",-23.5551686,-46.60422,12,36,6,111,26,40,63,26,59,8
399,"Rua Major Sertório, Consolação, São Paulo",-23.5454018,-46.6479441,66,70,10,243,135,85,99,50,92,89
400,"Rua Leopoldo Couto de Magalhães Júnior, Itaim Bibi, São Paulo",-23.5869091,-46.675661,14,51,4,241,93,72,127,19,105,45
401,"Rua Doutor Alfredo de Castro, Barra Funda, São Paulo",-23.5272976,-46.6630394,36,34,11,59,38,37,68,22,61,47
402,"Rua Almirante Brasil, Mooca, São Paulo",-23.5495956,-46.6082316,13,37,3,109,15,28,51,25,61,15
403,"Rua Taquarytinga, Mooca, São Paulo",-23.5489436,-46.5938137,6,41,6,126,37,43,48,20,61,13
404,"Rua do Oratório, Mooca, São Paulo",-23.5713489,-46.5812576,5,17,3,81,15,39,55,9,42,3
405,"Rua Doutor Guilherme Bannitz,Moema, São Paulo",-23.589201,-46.673239,12,28,2,186,77,65,123,20,102,43
406,"Rua Heitor Peixoto, Cambuci, São Paulo",-23.5760781,-46.618517,6,19,3,97,11,29,39,14,59,5
407,"Avenida Doutor Ricardo Jafet, Vila Mariana, São Paulo",-23.5872215,-46.6196156,8,16,2,66,15,28,40,13,56,11
408,"Rua Diana, Perdizes, São Paulo",-23.5338447,-46.6816779,35,35,4,83,44,63,62,29,110,14
409,"Rua Cajuru, Belém, São Paulo",-23.5410996,-46.5959458,4,25,2,89,17,35,48,18,50,13
410,"Alameda Franca, Jardim Paulista, São Paulo",-23.5673751,-46.6571424,39,54,6,224,68,70,121,29,106,83
411,"Rua Bela Cintra, Jardim Paulista, São Paulo",-23.561172,-46.6668793,50,67,4,202,78,60,91,22,108,69
412,"Rua Joaquim Antunes, Pinheiros, São Paulo",-23.566376,-46.6798181,44,29,9,149,66,51,69,13,100,23
413,"Avenida Tiradentes, Bom Retiro, São Paulo",-23.5343894,-46.6331668,28,49,3,201,23,28,56,6,91,46
414,"Rua Jaguaribe, Santa Cecília, São Paulo",-23.5416438,-46.6522127,45,67,4,187,89,77,84,35,120,67
415,"Rua Cônego Antônio Lessa, Mooca, São Paulo",-23.5691782,-46.5955756,9,11,2,89,31,31,61,4,48,7
416,"Rua Tabapuã, Itaim Bibi, São Paulo",-23.5848612,-46.6821431,21,36,2,192,95,81,102,16,84,44
417,"Rua Ipanema, Mooca, São Paulo",-23.5473431,-46.6071755,13,44,5,91,11,26,55,19,51,18
418,"Rua René Zamlutti, Vila Mariana, São Paulo",-23.5912491,-46.6236386,8,22,4,48,4,48,50,27,61,14
419,"Avenida Rudge, Bom Retiro, São Paulo",-23.5268913,-46.648165,32,32,5,133,22,28,60,20,65,12
420,"Rua José Bento, Cambuci, São Paulo",-23.5634221,-46.6164939,4,8,6,72,5,20,40,17,48,3
421,"Rua Benedito Lapin, Itaim, São Paulo",-23.5874635,-46.67364,13,50,4,223,86,70,130,17,107,47
422,"Rua Saint Hilaire, Jardim Paulista, São Paulo",-23.5703489,-46.654829,34,71,7,241,51,78,115,37,111,81
423,"Avenida Brigadeiro Luís Antônio, Paraíso, São Paulo",-23.5729316,-46.6545191,25,64,5,215,49,86,96,29,89,65
424,"Rua Tomás Carvalhal, Paraíso, São Paulo",-23.5758487,-46.6431749,37,50,3,187,44,65,130,29,106,56
425,"Rua Doutor Rafael de Barros, Paraíso, São Paulo",-23.5729536,-46.6472486,31,59,5,179,55,70,149,32,113,74
426,"Alameda Casa Branca, Jardim Paulista, São Paulo",-23.5653784,-46.6592861,54,58,6,206,86,77,123,32,122,79
427,"Rua Solon, Bom Retiro, São Paulo",-23.5242212,-46.6414916,20,14,5,122,22,28,55,8,62,10
428,"Rua Jaraguá, Bom Retiro, São Paulo",-23.5234627,-46.6454011,22,14,3,87,17,27,55,11,51,7
429,"Rua Cajuru, Belem, São Paulo",-23.5410996,-46.5959458,4,25,2,89,17,35,48,18,50,13
430,"Rua Iguatemi, Itaim Bibi, São Paulo",-23.5831391,-46.6831183,21,28,5,189,80,69,96,10,109,43
431,"Rua Barão de Tatuí, Santa Cecília, São Paulo",-23.5382454,-46.6538922,30,44,6,185,74,76,88,30,122,43
432,"Rua Marquês de Abrantes, Belém, São Paulo",-23.5364053,-46.5856815,11,20,1,100,13,33,50,18,40,15
433,"Rua Doutor Albuquerque Lins, Santa Cecília, São Paulo",-23.5341344,-46.6553982,29,46,3,213,64,71,83,29,105,30
434,"Avenida Nove de Julho, Bela Vista, São Paulo",-23.5512511,-46.6462343,92,62,9,231,123,73,93,45,108,70
435,"Rua Doutor Siqueira Campos, Liberdade, São Paulo",-23.5636982,-46.6366231,34,66,4,187,47,63,99,25,89,44
436,"Rua doutor Rubens Meireles, São Paulo",-23.5198562,-46.6657869,26,13,7,79,13,15,61,13,33,41
437,"Rua João Rudge, Casa Verde, São Paulo",-23.511202,-46.6573235,11,12,1,68,11,32,33,11,55,5
438,"Rua Guarapuava, Mooca, São Paulo",-23.5477706,-46.6050987,13,34,6,86,21,28,53,21,63,13
439,"Rua Araritaguaba, Vila Maria , São Paulo",-23.510306,-46.5887669,3,16,1,56,7,26,49,4,54,4
440,"Rua Nilo, Aclimação, São Paulo",-23.5753527,-46.6379789,35,50,2,187,36,74,107,19,120,49
441,"Rua Cotoxó, Vila Pompéia, São Paulo",-23.5368975,-46.6883302,29,25,7,123,48,54,49,26,63,6
442,"Rua Cunha Gago, Pinheiros, São Paulo",-23.5625079,-46.693739,66,55,8,242,167,62,88,18,81,44
443,"Rua Marquês de Valença, Mooca, São Paulo",-23.5583776,-46.5929793,9,29,4,132,48,49,66,24,65,9
444,"Avenida Raimundo Pereira de Magalhães, Lapa, São Paulo",-23.5113708,-46.7144549,5,4,0,77,4,22,66,8,57,3
445,"Rua Fernando Falcão, Mooca, São Paulo",-23.5585867,-46.5861881,6,8,2,63,27,31,46,20,62,4
446,"Rua Aureliano Coutinho, Santa Cecília, São Paulo",-23.5417108,-46.6531809,36,64,3,193,85,71,87,32,115,56
447,"Rua Paraguassu, Perdizes, São Paulo",-23.5342104,-46.6669627,33,37,11,154,44,57,82,23,68,27
448,"Alameda Joaquim Eugênio de Lima, Jardim Paulista, São Paulo",-23.5706386,-46.6553073,29,67,7,248,57,80,109,34,104,77
449,"Avenida Horácio Lafer, Itaim Bibi, São Paulo",-23.5872618,-46.6813833,27,46,2,242,112,81,126,20,106,47
450,"Rua João Moura, Vila Madalena, São Paulo",-23.5511279,-46.6853513,72,56,5,194,136,75,77,14,62,27
451,"Rua Orobó, Alto de Pinheiros, São Paulo",-23.5501266,-46.7149924,5,7,1,44,4,37,61,7,104,10
452,"Rua Ipomeias, Vila Prudente, São Paulo",-23.5991913,-46.5734829,3,6,1,33,8,18,35,20,26,3
453,"Rua Frei Mont'alverne, Vila Aricanduva, São Paulo",-23.5358142,-46.5376397,6,11,4,45,5,28,31,10,34,7
454,"Rua Marechal Barbacena, Jardim Anália Franco, São Paulo",-23.5533983,-46.5785222,8,20,4,92,28,26,36,17,71,2
455,"Rua Iguará, Vila Alpina, São Paulo",-23.5977011,-46.5555704,8,6,1,40,8,14,37,10,32,4
456,"Rua dos Pinheiros, Pinheiros, São Paulo",-23.565361,-46.6822257,55,35,8,196,101,52,70,19,106,26
457,"Rua Ida Moreira, Tatuapé, São Paulo",-23.5421764,-46.5566405,9,34,4,89,17,34,62,25,51,6
458,"Rua Fradique Coutinho, Pinheiros, São Paulo",-23.5518523,-46.6942958,50,40,4,129,112,63,65,14,83,24
459,"Rua Tenente Gelás, Tatuapé, São Paulo",-23.5296157,-46.5582327,5,39,2,80,10,27,34,13,42,3
460,"Rua São Serafim, Penha de França, São Paulo",-23.5290704,-46.5380692,5,18,2,60,8,31,36,8,40,7
461,"Rua Henrique Casela, Penha de França, São Paulo",-23.5193931,-46.5525112,4,17,0,58,8,19,37,1,58,3
462,"Rua Bueno de Andrade, Liberdade, São Paulo",-23.562336,-46.631661,22,65,5,144,25,60,69,25,93,26
463,"Rua dos Ciclames, Vila Prudente, São Paulo",-23.5933774,-46.5755615,3,11,4,70,4,19,35,20,62,3
464,"Avenida Paulista, Paraiso, São Paulo",-23.5678438,-46.6488826,39,52,8,218,72,63,152,39,130,91
465,"Rua Pedroso Alvarenga, Itaim Bibi, São Paulo",-23.5820619,-46.6793438,23,40,3,199,89,66,109,15,86,45
466,"Rua Borges de Figueiredo, Mooca, São Paulo",-23.5667527,-46.6028006,7,7,1,25,13,26,67,10,44,5
467,"Rua Vitória, Centro, São Paulo",-21.1801137,-47.8213497,9,13,0,49,9,14,31,1,20,11
468,"Rua da Consolação, Jardim Paulista, São Paulo",-23.5566194,-46.664025,39,50,5,210,122,60,113,19,109,73
469,"Rua Tuim, Moema, São Paulo",-23.601622,-46.6702352,12,54,5,167,42,66,102,20,120,45
470,"Rua Arauto, Vila Leopoldina, São Paulo",-23.5336151,-46.7232184,8,13,2,86,4,46,43,18,75,5
471,"Rua Santa Isabel, Vila Buarque, São Paulo",-23.5427925,-46.6466485,65,71,10,246,115,83,97,39,113,98
472,"Praça da República, Republica, São Paulo",-23.543171200000003,-46.64252052009493,63,54,11,201,107,92,98,31,118,99
473,"Avenida Casa Verde, Casa Verde, São Paulo",-23.4997162,-46.6452083,8,14,1,85,8,30,51,10,67,3
474,"Rua Peixoto Gomide, Consolação, São Paulo",-23.5568375,-46.6555211,63,35,7,234,123,72,147,39,131,87
475,"Rua doutor Guilherme Bannitz, Moema, São Paulo",-23.589201,-46.673239,12,28,2,186,77,65,123,20,102,43
476,"Rua Doutor Nicolau de Sousa Queirós, Vila Mariana, São Paulo",-23.5780044,-46.6402897,39,57,4,171,40,67,109,23,117,55
477,"Rua Kabul, Vila Leopoldina, São Paulo",-23.5335777,-46.721832,7,11,2,84,10,45,47,16,76,5
478,"Rua Bruno Cavalcanti Feder, Vila Prudente, São Paulo",-23.5929444,-46.5815746,4,9,5,59,10,20,33,20,81,9
479," Rua Fernando de Albuquerque, Consolação, São Paulo",-23.5540857,-46.6576516,47,42,6,193,110,64,133,33,122,81
480,"Rua Araguaia, Canindé, São Paulo",-23.526895,-46.6211782,7,22,5,102,11,15,50,2,48,20
481,"Avenida Paulista, Consolação, São Paulo",-23.5570003,-46.6612482,53,50,7,155,109,67,147,33,103,81
482,"Rua Condessa de São Joaquim, Bela Vista, São Paulo",-23.5576557,-46.6399115,54,63,5,168,76,52,90,23,74,54
483,"Rua Serra de Japi, Tatuapé, São Paulo",-23.5460635,-46.5688534,20,55,3,152,61,52,68,23,74,13
484,"Rua Aurora, republica, São Paulo",-23.5422047,-46.6437274,67,58,11,198,105,91,97,31,109,100
485,"Rua Emílio Rodrigues, Vila Guilherme, São Paulo",-23.5013748,-46.6059848,4,6,1,66,17,28,29,8,52,9
486,"Rua General Góis Monteiro, Perdizes, São Paulo",-23.5416719,-46.6929667,22,25,3,76,17,46,43,22,67,15
487,"Rua Padre Raposo, Mooca, São Paulo",-23.5590297,-46.5977206,9,33,5,139,48,46,65,24,76,6
488,"Rua Anália Franco, Jardim Anália Franco, São Paulo",-23.5567786,-46.5719539,8,23,3,79,27,37,33,22,63,1
489,"Rua Olímpia de Almeida Prado, Santa Cecilia, São Paulo",-23.5319565,-46.6571801,34,38,6,197,50,59,86,31,77,23
490,"Rua Mota Pais, Lapa, São Paulo",-23.5359407,-46.7020178,13,15,6,64,12,33,41,17,42,3
491,"Rua Aibi, Lapa, São Paulo",-23.5401904,-46.7041987,9,13,3,39,6,33,54,12,54,2
492,"Rua Passos, Belém, São Paulo",-23.5385066,-46.5935926,5,25,2,88,15,32,46,13,64,11
493,"Rua Coronel Diogo, Liberdade, São Paulo",-23.5782809,-46.6261166,11,25,8,116,24,45,40,10,59,7
494,"Avenida Alcântara Machado, Mooca, São Paulo",-23.5505338,-46.6074466,14,31,3,114,22,29,47,26,64,11
495,"Rua Paula Ney, Vila Mariana, São Paulo",-23.5817386,-46.6332559,25,35,4,170,37,58,66,18,82,36
496,"Avenida Conselheiro Rodrigues Alves, Vila Mariana, São Paulo",-23.5848675,-46.6444383,33,63,6,175,47,63,80,17,93,40
497,"Rua Catumbi, Belém, São Paulo",-23.5328713,-46.6012397,4,6,0,60,8,18,43,7,42,4
498,"Rua Maria Eugênia, Tatuapé, São Paulo",-23.5323757,-46.5733747,10,26,3,88,16,34,56,22,56,12
499,"Rua Borges de Barros, Alto de Pinheiros, São Paulo",-23.545247,-46.6945523,26,31,2,98,17,63,60,18,75,16
500,"Rua Doutor Veiga Filho, Higienópolis, São Paulo",-23.5405542,-46.6585906,22,58,5,197,52,66,95,27,113,25
501,"Rua Francisco Leitão, Pinheiros, São Paulo",-23.5619498,-46.6807366,66,47,3,206,101,58,75,25,100,33
502,"Avenida Armando Ferrentini, Aclimação, São Paulo",-23.5790103,-46.6373958,30,51,5,161,37,62,90,20,91,46
503,"Rua Paulistânia, Alto de Pinheiros, São Paulo",-23.5467932,-46.6921502,29,33,0,90,32,64,66,17,63,20
504,"Rua Engenheiro Sá Rocha, Alto de Pinheiros, São Paulo",-23.5441279,-46.7095435,6,11,2,45,7,39,52,7,50,4
505,"Rua Serra de Botucatu, Tatuapé, São Paulo",-23.5443388,-46.57057,18,61,5,150,54,47,73,22,85,20
506,"Rua Alice Macuco Alves, Alto de Pinheiros, São Paulo",-23.539584,-46.7058626,8,11,4,47,6,35,54,10,57,2
507,"Avenida Conceição, Santana, São Paulo",-23.4997041,-46.6072658,4,9,1,71,23,22,46,6,55,9
508,"Rua Edgar de Sousa, Vila Matilde, São Paulo",-23.5364476,-46.5409263,7,10,5,50,5,28,31,12,38,5
509,"Rua Professor Carlos Cattony, Paraiso, São Paulo",-23.5778423,-46.6435233,36,63,2,78,34,71,112,23,111,61
510,"Rua Muniz de Sousa, Aclimação, São Paulo",-23.5634109,-46.6237957,9,11,6,64,5,32,43,31,58,4
511,"Rua Guaranésia, Vila Maria , São Paulo",-23.5199516,-46.5923966,4,17,1,50,13,17,44,2,52,2
512,"Rua Gilberto Sabino, Pinheiros, São Paulo",-23.5671029,-46.7011592,22,26,4,151,55,39,84,12,78,43
513,"Rua Henrique Monteiro, Pinheiros, São Paulo",-23.5694081,-46.6897615,36,47,3,208,85,50,92,16,135,40
514,"Rua Visconde de Pirajá, Ipiranga, São Paulo",-23.6015034,-46.6128447,11,22,2,64,12,40,46,33,60,2
515,"Avenida Raimundo Pereira de Magalhães, Pirituba, São Paulo",-23.4625252,-46.7210707,2,2,1,4,0,3,8,0,10,0
516,"Rua Artur de Azevedo, Pinheiros, São Paulo",-23.5612082,-46.6793323,64,56,3,209,95,53,71,28,92,33
517,"Rua Boturoca, Butantã, São Paulo",-23.5722395,-46.7280852,5,48,0,44,7,17,38,9,31,4
518,"Rua George Smith, Lapa, São Paulo",-23.5200904,-46.7053809,8,33,2,137,11,34,62,10,74,18
519,"Rua Alonso Calhamares, Jardim Anália Franco, São Paulo",-23.5536647,-46.5668413,16,34,1,124,49,48,51,20,72,4
520,"Rua 28 de Setembro, Ipiranga, São Paulo",-23.6033372,-46.6105281,8,25,2,61,13,43,38,27,54,10
521,"Rua Batista Caetano, Aclimação, São Paulo",-23.5769797,-46.6277292,14,28,9,133,23,54,35,12,70,9
522,"Travessa Vera Lucia, Tatuapé, São Paulo",-23.5446009,-46.5616642,19,50,4,121,39,49,69,24,56,9
523,"Rua Pio Xi, Alto de Pinheiros, São Paulo",-23.5366406,-46.7139318,5,11,4,47,8,27,53,13,60,7
524,"Avenida Deputado Emílio Carlos, Casa Verde, São Paulo",-23.4980941,-46.6758721,1,8,1,46,6,29,40,16,42,6
525,"Rua Edgar de Sousa, Vila Aricanduva, São Paulo",-23.5364476,-46.5409263,7,10,5,50,5,28,31,12,38,5
526,"Rua Ligiana, Água Rasa, São Paulo",-23.5749795,-46.5630174,3,7,2,56,7,21,36,7,57,3
527,"Rua Eugênio de Medeiros, Pinheiros, São Paulo",-23.5682662,-46.7003857,20,27,2,155,53,39,90,14,79,43
528,"Rua Doutor Virgílio de Carvalho Pinto, Pinheiros, São Paulo",-23.5610705,-46.6852294,86,53,7,245,174,62,71,18,107,33
529,"Rua Coronel Carlos Oliva, Tatuapé, São Paulo",-23.5378597,-46.5728436,13,47,4,142,27,38,70,26,78,23
530,"Avenida Nove de Julho, Jardim Paulista, São Paulo",-23.570194,-46.6619634,34,35,1,154,45,67,80,24,88,52
531,"Av. Cidade Jardim, Itaim Bibi, São Paulo",-23.5817206,-46.6848035,24,25,5,214,67,70,85,10,111,38
532,"Avenida Paula Ferreira, Freguesia do Ó, São Paulo",-23.5018478,-46.7064336,4,5,1,60,14,18,30,12,32,6
533,"Rua Butantã, Pinheiros, São Paulo",-23.5697661,-46.697469,23,33,1,193,64,41,104,13,85,42
534,"Rua Fernão Dias, Pinheiros, São Paulo",-23.5666809,-46.695558,34,46,4,237,99,59,107,14,102,45
535,"Rua Loureiro da Cruz, Liberdade, São Paulo",-23.5685994,-46.6357752,34,57,4,153,26,65,104,26,113,48
536,"Rua do Paraíso, 667 - Paraíso, São Paulo - Sp, Brasil, Aclimação, São Paulo",-23.5739321,-46.6392283,35,50,2,200,35,72,129,28,118,55
537,"Rua Paulo Orozimbo, Aclimação, São Paulo",-23.5758533,-46.6261596,11,22,9,129,21,50,41,15,76,5
538,"Avenida da Aclimação, Aclimação, São Paulo",-23.5728621,-46.6327084,27,47,4,136,30,68,76,19,71,31
539,"Rua Urano, Liberdade, São Paulo",-23.5699001,-46.6356918,34,51,3,154,27,61,110,24,114,54
540,"Rua do Paraíso, Aclimação, São Paulo",-23.5743178,-46.6380066,34,45,2,192,36,70,124,23,118,49
541,"Rua Schilling, Vila Leopoldina, São Paulo",-23.5302798,-46.7282767,9,18,1,108,18,50,50,20,75,6
542,"Rua Marapuama, Lapa, São Paulo",-23.5280357,-46.7088895,8,26,3,89,7,35,60,13,56,5
543,"Rua Paulo Franco, Vila Leopoldina, São Paulo",-23.534171,-46.7263446,7,11,2,79,5,40,45,18,72,6
544,"Rua Dom João V, Lapa, São Paulo",-23.5193785,-46.7097377,2,27,2,93,9,32,62,9,60,13
545,"Rua Presidente Antonio Candido, Alto da Lapa, São Paulo",-23.5323971,-46.7131356,6,19,4,55,4,37,66,15,52,5
546,"Rua Nagel, Vila Leopoldina, São Paulo",-23.5316372,-46.7326287,13,18,4,123,19,43,56,24,82,2
547,"Rua Filipinas, Alto da Lapa, São Paulo",-23.5357485,-46.7174304,6,11,4,58,11,30,49,11,55,6
548,"Rua Marquês de Paraná, Mandaqui, São Paulo",-23.4684883,-46.6314777,13,13,1,40,4,17,32,7,29,5
549,"Rua Passo da Pátria, Vila Leopoldina, São Paulo",-23.528766,-46.7250746,10,15,2,94,18,51,49,24,65,7
550,"Rua Jorge Americano, Alto da Lapa, São Paulo",-23.5324401,-46.7181701,4,14,4,62,11,33,56,9,57,4
551,"Rua Natingui, Vila Madalena, São Paulo",-23.5576661,-46.698522,39,31,7,126,94,57,70,14,54,15
552,"Avenida Arruda Botelho, Alto de Pinheiros, São Paulo",-23.5507433,-46.7180376,4,19,4,33,5,37,53,6,97,6
553,"Rua Doutor José Rodrigues Alves Sobrinho, Alto de Pinheiros, São Paulo",-23.5524684,-46.7190389,4,44,4,38,6,37,63,5,110,5
554,"Rua Desembargador Ferreira França, Alto de Pinheiros, São Paulo",-23.5554425,-46.6999318,32,19,6,92,62,43,63,10,53,9
555,"Avenida Diógenes Ribeiro de Lima, Alto de Pinheiros, São Paulo",-23.5448812,-46.7146259,4,4,1,42,6,36,36,8,51,4
556,"Rua Andréa Feliciani, Artur Alvim, São Paulo",-23.5486493,-46.4806807,3,4,0,35,4,12,38,3,29,4
557,"Rua Waldemar Mancini, Itaquera, São Paulo",-23.5488686,-46.458161,3,8,1,25,6,13,38,5,14,1
558,"Avenida Itaquera, Itaquera, São Paulo",-23.5507216,-46.4631299,10,9,0,14,4,9,39,3,12,2
559,"Rua Davi Banderali, Artur Alvim, São Paulo",-23.549833,-46.4783196,3,4,0,30,14,10,32,1,22,2
560,"Rua Castelo do Piaui, Itaquera, São Paulo",-23.5437541,-46.4614754,4,9,2,41,6,21,28,1,42,3
561,"Rua Casa do Trem, Itaquera, São Paulo",-23.537193,-46.4643319,4,7,1,64,4,19,38,1,71,6
562,"Rua Manuel Ribas, Itaquera, São Paulo",-23.5368585,-46.4621291,5,8,1,60,7,20,37,2,54,2
563,"Avenida Diogo José Machado, Itaquera, São Paulo",-23.5359396,-46.4591957,3,13,1,44,9,18,40,4,33,6
564,"Rua Conselheiro Brotero, Consolação, São Paulo",-23.5401151,-46.6615179,21,42,7,161,29,62,92,23,105,23
565,"Rua Conselheiro Brotero, Santa Cecília, São Paulo",-23.5284638,-46.655401,38,41,4,138,41,37,59,27,62,24
566,"Avenida Francisco Matarazzo, Barra Funda, São Paulo",-23.5257003,-46.6790338,31,24,4,119,55,56,76,23,104,20
567,"Rua Tobias Barreto, Belém, São Paulo",-23.543512,-46.5818703,12,41,2,131,26,30,58,11,83,18
568,"Rua Serra da Bocaina, Belém, São Paulo",-23.5460527,-46.5862581,8,34,0,113,23,30,44,14,46,12
569,"Avenida Álvaro Ramos, Belém, São Paulo",-23.5445494,-46.5860172,10,32,1,109,23,30,51,14,55,13
570,"Avenida Alcântara Machado, Belém, São Paulo",-23.54247,-46.5833658,14,42,3,109,25,29,61,13,81,19
571,"Rua dos Trilhos, Mooca, São Paulo",-23.5539046,-46.5960146,8,38,3,117,39,47,58,26,65,9
572,"Rua Cônego Vicente Miguel Marino, Bom Retiro, São Paulo",-23.5269399,-46.6504389,36,39,6,130,34,30,57,21,48,15
573,"Rua Newton Prado, Bom Retiro, São Paulo",-23.524272,-46.6401966,21,31,6,129,21,30,57,8,62,12
574,"Rua Joaquim Murtinho, Bom Retiro, São Paulo",-23.5265356,-46.6362888,28,41,1,133,18,21,64,4,57,25
575,"Rua Jaíba, Ipiranga, São Paulo",-23.6077592,-46.6114504,5,11,2,50,11,29,36,26,44,4
576,"Rua Jaci, Chácara Inglesa, São Paulo",-23.6058361,-46.6284032,9,15,0,87,26,44,55,28,61,5
577,"Rua Correia de Lemos, Chácara Inglesa, São Paulo",-23.6071445,-46.6343654,18,34,2,132,32,55,46,24,98,11
578,"Avenida Itaboraí, Bosque da Saude, São Paulo",-23.6089,-46.6265542,2,14,0,82,17,38,53,24,61,5
579,"Rua Guiratinga, Chácara Inglesa, São Paulo",-23.6033226,-46.6286527,11,22,1,82,25,45,56,24,76,5
580,"Avenida Padre Antônio José dos Santos, Itaim, São Paulo",-23.6120542,-46.6844052,9,30,3,113,22,54,43,32,63,12
581,"Rua Gabriele D'annunzio, Campo Belo, São Paulo",-23.6189391,-46.680991,8,34,3,158,16,49,76,43,89,21
582,"Rua Demóstenes, Campo Belo, São Paulo",-23.6162211,-46.6740005,14,30,2,123,26,56,75,25,98,20
583,"Rua Arizona, Brooklin, São Paulo",-23.6170664,-46.6848375,7,37,4,149,17,48,68,41,81,19
584,"Rua João de Sousa Dias 520, Campo Belo, São Paulo",-23.6259808,-46.6684096,7,20,6,153,37,42,64,24,74,55
585,"Rua Nicolau Barreto, Brooklin, São Paulo",-23.6193111,-46.6927251,5,36,3,154,23,44,66,36,113,31
586,"Avenida Celso Garcia, Brás, São Paulo",-23.5400107,-46.6114742,4,9,2,88,6,11,50,11,0,18
587,"Rua José Kauer, Belém, São Paulo",-23.5370335,-46.6030815,5,9,2,70,9,9,51,8,49,6
588,"Rua da Alfandega, Brás, São Paulo",-23.5425003,-46.624005,5,12,2,119,12,22,35,12,98,24
589,"Rua Coronel Antônio Marcelo, Belem, São Paulo",-23.5428484,-46.6057121,8,15,3,84,13,14,56,17,53,11
590,"Rua Maria Marcolina, Brás, São Paulo",-23.5346819,-46.6172513,4,10,1,111,10,12,45,2,59,15
591,"Rua Coronel Francisco Amaro, Brás, São Paulo",-23.5414472,-46.619498,3,14,2,87,4,17,32,10,64,18
592,"Rua Sampson, Brás, São Paulo",-23.5372648,-46.6112388,3,6,2,101,7,12,51,6,50,13
593,"Rua João Boemer, Pari, São Paulo",-23.530222,-46.6143931,4,12,1,101,9,14,47,2,50,9
594,"Rua Leonardo Mota, Butantã, São Paulo",-23.5696115,-46.7273379,8,55,0,40,6,13,32,5,30,7
595,"Rua Alvarenga, Butantã, São Paulo",-23.5733057,-46.7111567,9,26,6,71,14,28,60,3,63,16
596,"Rua Álvaro Nunes, Campo Belo, São Paulo",-23.6225026,-46.6648204,4,24,6,179,40,43,67,15,85,68
597,"Rua Gabriele D'annunzio, Brooklin, São Paulo",-23.6189391,-46.680991,8,34,3,158,16,49,76,43,89,21
598,"Rua Princesa Isabel, Brooklin, São Paulo",-23.6202532,-46.6806009,8,30,7,132,16,53,80,41,89,24
599,"Rua Zacarias de Gois, Campo Belo, São Paulo",-23.6175358,-46.6662305,15,29,2,142,48,56,77,8,106,39
600,"Avenida Vereador José Diniz, Brooklin, São Paulo",-23.6336509,-46.6906188,6,31,3,73,8,30,78,11,65,12
601,"Rua Antônio de Macedo Soares, Campo Belo, São Paulo",-23.6174715,-46.670682,14,32,6,138,43,58,79,20,107,26
602,"Avenida Cangaíba, Cangaíba, São Paulo",-23.5080227,-46.5361742,6,6,1,37,9,9,20,4,16,4
603,"Avenida Tarumã, Cangaíba, São Paulo",-23.5125986,-46.5266269,4,3,1,38,6,14,28,7,19,4
604,"Rua São Florêncio, Cangaíba, São Paulo",-23.5081764,-46.5314436,5,3,1,36,6,13,22,5,15,3
605,"Rua Crubixa, Cangaíba, São Paulo",-23.5126897,-46.5217093,4,2,1,35,6,9,24,5,16,3
606,"Rua Maracanã Guaçu, Cangaíba, São Paulo",-23.4983654,-46.5293354,3,3,1,18,7,7,9,2,9,4
607,"Rua Belarmino Siqueira, Cangaíba, São Paulo",-23.5056037,-46.531747,4,3,1,25,5,9,20,4,16,5
608,"Rua Eduardo Leopoldo, Vila Guilherme, São Paulo",-23.5187585,-46.6108026,7,5,8,84,5,10,39,7,118,4
609,"Avenida Santos Dumont, Bom Retiro, São Paulo",-23.5215709,-46.630501,14,54,4,92,21,20,63,4,63,91
610,"Avenida Interlagos, Interlagos, São Paulo",-23.7012103,-46.7014284,6,11,4,24,4,8,31,0,7,4
611,"Rua Atílio Piffer, Casa Verde, São Paulo",-23.5077364,-46.6593997,7,12,5,67,13,31,36,10,59,4
612,"Rua dos Americanos, Barra Funda, São Paulo",-23.5207864,-46.6555936,23,12,0,100,23,25,47,20,41,9
613,"Rua Relíquia, Casa Verde, São Paulo",-23.5119499,-46.6620841,11,12,5,74,13,27,40,15,45,9
614,"Rua Saguairu, Casa Verde, São Paulo",-23.5117476,-46.6607277,12,11,5,68,10,27,38,14,50,5
615,"Avenida Thomas Edison, Barra Funda, São Paulo",-23.5241664,-46.6650162,35,22,11,139,33,29,64,16,36,45
616,"Avenida Thomás Edison, Barra Funda, São Paulo",-23.5241664,-46.6650162,35,22,11,139,33,29,64,16,36,45
617,"Rua Jaguaretê, Casa Verde, São Paulo",-23.5103482,-46.6560863,7,12,3,65,12,30,38,11,52,5
618,"Avenida Monte Celeste, Limão, São Paulo",-23.493239,-46.6752177,6,7,1,33,9,18,23,9,40,2
619,"Rua Manoel Dias do Campo, Limão, São Paulo",-23.4887129,-46.6723618,3,3,2,19,7,12,40,1,24,4
620,"Rua Carolina Soares, Casa Verde, São Paulo",-23.4993557,-46.6676936,11,9,1,48,8,22,33,5,49,3
621,"Rua Ministro Romeiro Neto, Mandaqui, São Paulo",-23.4820833,-46.6523306,7,4,0,69,4,22,35,13,63,4
622,"Rua Potenji, Chácara Inglesa, São Paulo",-23.6054946,-46.6335389,18,42,2,124,33,60,65,21,98,10
623,"Rua João Teixeira da Silva, Jardim Anália Franco, São Paulo",-23.5664421,-46.562877,4,11,2,77,6,23,39,3,108,4
624,"Rua Capitão Militão, Água Rasa, São Paulo",-23.5766598,-46.5603575,3,8,2,59,6,20,36,10,60,6
625,"Rua Bacairis, Vila Formosa, São Paulo",-23.5639736,-46.5587302,6,15,2,66,4,33,34,3,94,3
626,"Rua Lefosse, Jardim Anália Franco, São Paulo",-23.5673121,-46.5609562,4,12,2,74,7,25,39,3,105,4
627,"Rua Luís Correia de Melo, Santo Amaro, São Paulo",-23.6330307,-46.7154527,4,10,3,107,21,31,68,24,52,19
628,"Rua Henri Dunant, Santo Amaro, São Paulo",-23.6270267,-46.6999268,9,50,4,169,37,54,94,26,126,22
629,"Rua Américo Brasiliense, Santo Amaro, São Paulo",-23.627079,-46.7093792,6,13,3,132,23,29,76,16,47,19
630,"Rua Ambrizette, Vila Andrade, São Paulo",-23.6272415,-46.7191036,2,4,2,34,4,24,66,21,28,13
631,"Rua Miguel Sevílio, Rio Pequeno, São Paulo",-23.5646821,-46.75254,9,7,2,71,6,26,33,29,54,4
632,"Avenida do Rio Pequeno, Rio Pequeno, São Paulo",-23.5718063,-46.7602453,3,4,1,26,8,10,34,8,21,3
633,"Rua Domingos Mazzeu, Jaguaré, São Paulo",-23.5543076,-46.7526936,10,15,2,98,12,33,47,27,73,3
634,"Rua Minas Gerais, Higienópolis, São Paulo",-20.2874545,-50.2459706,2,7,0,28,4,5,14,4,12,5
635,"Rua Haddock Lobo, Consolação, São Paulo",-23.5542269,-46.6576839,47,40,6,196,109,64,136,32,122,79
636,"Rua Maria Angelica Soares Gomes, Ermelino Matarazzo, São Paulo",-23.4865576,-46.4698833,6,3,0,12,6,4,14,0,15,5
637,"Rua Lino Petenoni, Ermelino Matarazzo, São Paulo",-23.493946,-46.4756278,9,3,0,35,9,10,39,1,24,2
638,"Rua Abel Tavares, Ermelino Matarazzo, São Paulo",-23.4875716,-46.4694522,6,6,0,15,5,4,12,0,16,5
639,"Rua Frei Fidelis Mota, Vila Jacuí, São Paulo",-23.4931089,-46.4569397,6,13,0,18,5,11,20,1,14,2
640,"Rua Maria Angélica Soares Gomes, Ermelino Matarazzo, São Paulo",-23.4865576,-46.4698833,6,3,0,12,6,4,14,0,15,5
641,"Rua Dom Paulo Pedrosa, Morumbi, São Paulo",-23.6106584,-46.7079689,9,10,2,41,4,17,23,7,32,5
642,"Avenida Duquesa de Goiás, Morumbi, São Paulo",-23.6086395,-46.7040268,7,22,2,112,14,34,58,11,53,24
643,"Rua Bela Vista do Paraíso, Freguesia do Ó, São Paulo",-23.4970414,-46.6871825,3,7,1,53,4,22,41,11,41,2
644,"Rua Mariúcha, Freguesia do Ó, São Paulo",-23.4968066,-46.699155,5,11,0,66,19,33,40,12,49,2
645,"Rua Antonieta Leitão 209, Freguesia do Ó, São Paulo",-23.5026588,-46.6968985,5,11,2,70,15,20,51,9,49,5
646,"Rua Marquês de Paranaguá, Bela Vista, São Paulo",-23.5496315,-46.6501265,81,65,8,188,124,71,101,51,108,80
647,"Rua Sergipe, Higienópolis, São Paulo",-23.5488951,-46.6556599,55,67,6,182,102,61,104,35,109,59
648,"Rua Oliveira Alves, Ipiranga, São Paulo",-23.585489,-46.6038811,12,28,1,40,33,42,57,12,51,5
649,"Praça Nami Jafet, Ipiranga, São Paulo",-23.5802132,-46.60535773061012,7,13,1,55,22,45,58,15,49,5
650,"Rua Cipriano Barata, Ipiranga, São Paulo",-23.5972934,-46.6043693,11,31,1,91,24,36,49,26,56,12
651,"Rua Dois de Julho, Ipiranga, São Paulo",-23.5955575,-46.5972947,7,11,1,73,15,26,40,10,51,15
652,"Rua Bandeira Paulista, Itaim Bibi, São Paulo",-23.5838107,-46.6758828,22,43,1,245,102,70,126,16,99,48
653,"Rua Doutor Renato Paes de Barros, Itaim Bibi, São Paulo",-23.5859532,-46.6730152,15,45,4,239,82,64,128,17,105,45
654,"Rua Viradouro, Itaim Bibi, São Paulo",-23.5851442,-46.6798672,22,38,5,223,98,78,115,15,90,49
655,"Rua Maracá, Jabaquara, São Paulo",-23.6385264,-46.638933,8,21,2,62,8,49,63,23,77,19
656,"Rua Ibiraja, Jabaquara, São Paulo",-23.6298821,-46.6385474,3,22,1,160,20,54,67,24,72,13
657,"Rua Jorge Duprat Figueiredo, Jabaquara, São Paulo",-23.6443902,-46.6604298,3,13,2,36,4,30,36,20,59,3
658,"Rua Tenente Mauro de Miranda, Jabaquara, São Paulo",-23.6368941,-46.6425543,8,21,1,41,9,49,58,19,73,12
659,"Avenida General Valdomiro de Lima, Jabaquara, São Paulo",-23.6399914,-46.6432138,8,25,2,148,11,51,57,19,81,21
660,"Rua Carlos Villalva, Jabaquara, São Paulo",-23.6330417,-46.6435547,8,16,1,159,16,54,61,22,79,16
661,"Rua Lussanvira, Jabaquara, São Paulo",-23.6418746,-46.6377045,9,27,9,126,7,45,57,19,61,20
662,"Rua Guaratuba, Jabaquara, São Paulo",-23.6323119,-46.6425711,8,19,1,164,17,59,61,24,82,15
663,"Avenida Kenkiti Simomoto, Jaguaré, São Paulo",-23.5524924,-46.7385391,4,57,1,40,5,9,38,11,20,10
664,"Praça General Porto Carreiro, Jaguaré, São Paulo",-23.54652135,-46.749267044376126,7,8,0,70,6,22,26,12,54,1
665,"Avenida Marechal Mario Guedes, 2 - Jaguare, São Paulo - Sp, Brasil, Jaguaré, São Paulo",-23.5485216,-46.7366104,3,36,2,37,11,12,54,8,17,11
666,"Avenida Marechal Mário Guedes, Jaguaré, São Paulo",-23.5491324,-46.7359344,3,41,2,34,12,13,55,7,17,11
667,"Rua Caetanópolis, Jaguaré, São Paulo",-23.5447899,-46.7551323,3,21,0,35,7,34,41,9,60,5
668,"Alameda Lorena, Jardim Paulista, São Paulo",-23.5598752,-46.6704044,47,67,8,148,82,58,82,26,97,56
669,"Rua Peixoto Gomide, Jardim Paulista, São Paulo",-23.5608786,-46.6570743,58,60,6,245,150,79,145,37,136,93
670,"Rua Cravinhos, Jardim Paulista, São Paulo",-21.181571,-47.7905879,8,14,0,67,13,27,24,6,33,3
671,"Rua Butiá, Jardim Anália Franco, São Paulo",-23.5593944,-46.57059,8,19,2,74,18,35,29,21,55,2
672,"Rua Pantojo, Jardim Anália Franco, São Paulo",-23.5593944,-46.57059,8,19,2,74,18,35,29,21,55,2
673,"Rua Reboujo, Vila Carrão, São Paulo",-23.5521766,-46.551858,10,13,1,87,9,35,43,19,48,3
674,"Rua Refinaria Mataripe, Aricanduva, São Paulo",-23.5706302,-46.5119666,3,6,1,41,8,14,26,6,44,4
675,"Rua Engenheiro Guilherme Cristiano Frender, Aricanduva, São Paulo",-23.5665461,-46.5130933,3,7,1,48,8,15,35,5,56,5
676,"Rua Rêgo Barros, Aricanduva, São Paulo",-23.5644823,-46.5174867,2,3,1,37,8,13,37,8,37,4
677,"Avenida Inconfidência Mineira, Aricanduva, São Paulo",-23.5800114,-46.5180304,2,7,2,26,10,6,23,3,22,1
678,"Rua Rego Barros, Aricanduva, São Paulo",-23.5644823,-46.5174867,2,3,1,37,8,13,37,8,37,4
679,"Rua Alora, Cidade Lider, São Paulo",-23.5580624,-46.5122578,6,4,0,43,7,15,39,7,37,3
680,"Rua das Giestas, Vila Prudente, São Paulo",-23.5960782,-46.569888,4,8,0,42,4,13,37,15,37,2
681,"Rua Cavour, Vila Prudente, São Paulo",-23.5838161,-46.5820054,5,26,4,84,14,39,52,16,47,11
682,"Rua General Bagnuolo, Vila Prudente, São Paulo",-23.592792,-46.5801148,4,8,5,61,4,20,32,20,82,8
683,"Avenida Professor Luiz Ignácio Anhaia Mello, Vila Prudente, São Paulo",-23.5827759,-46.5725128,5,16,6,83,16,30,36,12,47,4
684,"Avenida Mendes da Rocha, Jardim Brasil , São Paulo",-23.4750011,-46.5749502,13,5,0,26,10,11,38,2,43,4
685,"Rua Itamonte, Vila Sabrina , São Paulo",-23.492888,-46.5824679,8,10,3,45,5,14,34,2,41,2
686,"Av. Júlio Buono, Jardim Brasil , São Paulo",-23.4745379,-46.5774613,4,6,0,42,8,15,37,2,57,3
687,"Rua Águas Formosas, Jardim Brasil , São Paulo",-23.4333699,-46.2966897,0,1,0,1,0,1,2,1,2,2
688,"Avenida Jardim Japão, Jardim Brasil , São Paulo",-23.4774616,-46.584332,2,10,0,42,11,10,34,2,55,3
689,"Rua Antônio Palmieri, Vila Medeiros, São Paulo",-23.484579,-46.5807009,14,9,1,31,8,12,35,1,53,8
690,"Avenida Ramiz Galvão, Jardim Brasil , São Paulo",-23.482807,-46.5776904,11,8,0,44,8,14,34,1,56,11
691,"Rua Urussuí, Itaim Bibi, São Paulo",-23.5843221,-46.6768963,20,41,2,236,106,68,127,15,102,47
692,"Rua Jesuíno Arruda, Itaim Bibi, São Paulo",-23.5830742,-46.6783361,19,42,3,182,89,65,114,15,86,47
693,"Rua Bianchi Bertoldi, Pinheiros, São Paulo",-23.568917,-46.6909514,39,48,4,227,92,52,93,15,129,40
694,"Rua Professor Carlos de Carvalho, Itaim Bibi, São Paulo",-23.5842489,-46.6799774,21,38,4,183,96,77,119,17,88,48
695,"Rua Celso Vieira, Pirituba São Paulo",-23.4931303,-46.7181071,6,8,1,28,8,15,31,8,37,5
696,"Av Paula Ferreira, Piqueri, São Paulo",-23.4943321,-46.714456,5,8,1,38,13,16,34,5,0,6
697,"Rua Rio Verde, Freguesia do Ó, São Paulo",-23.4848447,-46.7012972,12,3,0,16,6,16,23,0,40,3
698,"Avenida Cônego José Salomon, Piqueri, São Paulo",-23.4960352,-46.7175448,5,7,1,38,12,16,33,14,34,3
699,"Rua Joaquim Moreira Dias, Vila Prudente, São Paulo",-23.5941587,-46.5643125,4,11,1,25,5,12,31,1,20,0
700,"Rua Secundino Domingues, São Lucas, São Paulo",-23.5926087,-46.5560942,5,6,2,44,4,11,36,6,35,4
701,"Rua Maria Helena, Piqueri, São Paulo",-23.5025421,-46.7101947,5,5,1,61,4,21,45,13,67,5
702,"Rua Doutor Luiz Migliano, Vila Andrade, São Paulo",-23.6184923,-46.743104,3,10,5,61,4,23,50,31,74,5
703,"Rua David Ben Gurion, Vila Sônia, São Paulo",-23.6114131,-46.7342286,3,13,1,66,4,28,44,28,71,9
704,"Rua João Santucci, Vila Sonia, São Paulo",-23.6046808,-46.7501704,4,19,0,42,11,29,43,5,47,9
705,"Rua José Alves de Almeida, Jardim Jussara, São Paulo",-23.5983283,-46.7510558,3,6,1,23,8,15,33,8,16,6
706,"Rua Edvard Carmilo, Jardim Jussara, São Paulo",-23.5977684,-46.7534988,3,7,1,17,7,17,25,6,16,3
707,"Rua Geraldo de Mendonça Mello, Jardim Marajoara , São Paulo",-23.6714164,-46.6897814,1,21,1,56,4,31,47,16,31,2
708,"Avenida Interlagos, Jardim Marajoara , São Paulo",-23.6559878,-46.6798208,4,8,0,32,5,34,21,13,35,4
709,"Rua Duque Costa, Jardim Marajoara , São Paulo",-23.6579979,-46.690558,8,10,0,89,7,52,37,35,67,3
710,"Avenida Washington Luís, Jardim Marajoara , São Paulo",-23.6530676,-46.6805604,11,5,0,19,4,29,21,7,25,4
711,"Avenida Sargento Geraldo Sant'ana, Jardim Marajoara , São Paulo",-23.6638318,-46.6808517,5,5,1,60,6,29,32,27,38,5
712,"Rua Professor Djalma Bento, Jardim Marajoara , São Paulo",-23.6662747,-46.6807859,5,8,1,55,5,24,33,26,57,4
713,"Avenida Doutor Guilherme Dumont Vilares, Vila Sonia, São Paulo",-23.6156711,-46.7407641,3,15,2,61,4,30,55,27,70,3
714,"Rua Doutor Martins de Oliveira, Vila Sonia, São Paulo",-23.6083402,-46.7389793,0,16,0,71,6,26,46,25,71,8
715,"Rua Sinval de Souza Lacerda, Campo Grande, São Paulo",-23.6848512,-46.6772386,3,11,3,78,4,13,40,8,50,2
716,"Rua João Ferreira de Abreu, Campo Grande, São Paulo",-23.6843898,-46.6843723,3,12,2,53,4,20,47,10,34,4
717,"Rua Zike Tuma, Campo Grande, São Paulo",-23.6840712,-46.6699397,6,3,1,35,9,5,28,3,29,4
718,"Rua Luís Bueno de Miranda, Campo Grande, São Paulo",-23.6905048,-46.6758967,10,7,3,31,13,10,33,6,12,2
719,"Rua Savério Mercadante, Campo Grande, São Paulo",-23.6834736,-46.6734244,3,9,0,77,5,11,44,4,75,5
720,"Rua Ouro Branco, Jardim Paulista, São Paulo",-23.5718264,-46.6627139,36,30,5,111,29,60,75,22,75,38
721,"Rua Sebastião Gil, Pinheiros, São Paulo",-23.5669893,-46.6919609,45,50,5,205,112,57,96,17,115,41
722,"Avenida Pedroso de Morais, Pinheiros, São Paulo",-23.5599147,-46.695482,67,43,9,215,166,68,73,16,94,30
723,"Avenida São Gabriel, Itaim Bibi, São Paulo",-23.5809795,-46.6706457,13,42,3,117,38,50,101,13,83,37
724,"Rua dos Cariris, Pinheiros, São Paulo",-23.56991785,-46.69405710262213,28,44,8,201,70,53,105,13,102,42
725,"Rua Comendador César Alfieri, Freguesia do Ó, São Paulo",-23.4810218,-46.6889972,10,5,0,41,8,13,40,6,40,4
726,"Antônio Ribeiro de Morais, Limão, São Paulo",-23.4909727,-46.684763,1,6,1,53,4,18,33,6,44,8
727,"Rua Comendador Cesar Alfieri, Freguesia do Ó, São Paulo",-23.4810218,-46.6889972,10,5,0,41,8,13,40,6,40,4
728,"Avenida Professor Sylla Mattos, Sacoma, São Paulo",-23.6417671,-46.6014978,11,13,0,18,10,16,48,14,35,4
729,"Rua General Leite de Castro, Sacoma, São Paulo",-23.6403082,-46.5949315,3,11,1,28,8,11,56,4,16,4
730,"Rua Professor Arnaldo João Semeraro, Sacoma, São Paulo",-23.6523166,-46.6017574,3,5,1,41,13,17,39,23,22,3
731,"Rua Manoel Salgado, sacoma, São Paulo",-23.6417636,-46.6015689,11,13,0,19,10,16,48,14,35,4
732,"Rua José Fernandes Caldas, Sacoma, São Paulo",-23.6489422,-46.6012207,3,8,1,33,11,17,36,20,27,3
733,"Rua Anatole de Baudot, Vila Sonia, São Paulo",-23.6168883,-46.73897,4,13,4,71,14,27,54,33,91,3
734,"Rua Professor José Horácio Meirelles Teixeira, Vila Sonia, São Paulo",-23.6130316,-46.7413929,2,13,1,63,5,27,51,25,76,1
735,"Rua João Baldinato, Vila Sonia, São Paulo",-23.6129794,-46.738315,15,17,1,40,8,28,51,31,78,7
736,"Rua Doutor José de Andrade Figueira, Vila Sonia, São Paulo",-23.6173386,-46.742422,3,15,4,57,4,26,50,28,69,2
737,"Rua Inácio Manuel Álvares, Rio Pequeno, São Paulo",-23.5815214,-46.7675761,9,5,1,32,6,10,33,13,31,9
738,"Avenida Otacílio Tomanik, Butantã, São Paulo",-23.5754755,-46.745682,5,23,1,46,14,21,50,22,38,2
739,"Rua Francisco Valente, Rio Pequeno, São Paulo",-23.5804592,-46.7620404,8,4,1,28,7,13,28,12,34,4
740,"Rua Antônio de Bonis, Rio Pequeno, São Paulo",-23.569494,-46.7471553,4,40,1,52,13,18,49,17,42,4
741,"Avenida Marechal Fiúza de Castro, Butantã, São Paulo",-23.5849211,-46.7461262,6,10,1,77,12,34,43,23,63,7
742,"Avenida Engenheiro Alberto de Zagottis, São Paulo",-23.6634584,-46.6922937,7,17,1,87,7,50,39,34,66,3
743,"Avenida do Rio Bonito, Interlagos, São Paulo",-23.6924267,-46.7015589,3,7,2,36,7,10,22,4,23,2
744,"Rua Manuel Figueiredo Landim, Campo Grande, São Paulo",-23.678628,-46.6897424,3,11,2,79,10,23,55,8,77,3
745,"Avenida Engenheiro Eusébio Stevaux, Jardim Marajoara , São Paulo",-23.6620664,-46.7060411,3,19,0,38,5,24,47,6,47,8
746,"Rua Professor Campos de Oliveira, Jardim Marajoara , São Paulo",-23.669796,-46.6966948,1,36,1,63,4,31,41,17,47,5
747,"Rua Fortunato Ferraz, Lapa, São Paulo",-23.5153792,-46.7242448,5,4,0,42,4,26,51,12,27,5
748,"Rua Tonelero, Vila Romana, São Paulo",-23.535578,-46.7048224,9,18,5,61,9,33,54,13,49,3
749,"Rua Belmonte, Vila Leopoldina, São Paulo",-23.5198588,-46.7232102,5,5,0,43,5,38,43,11,31,5
750,"Rua Domingos Rodrigues, Lapa, São Paulo",-23.5218914,-46.7074774,8,34,3,103,9,32,58,11,68,15
751,"Rua Martinho de Campos, Lapa, São Paulo",-23.5158687,-46.7207151,3,5,0,38,4,27,54,13,29,4
752,"Avenida Guacá, Mandaqui, São Paulo",-23.4801873,-46.6382072,4,12,0,90,23,33,37,20,76,3
753,"Rua Maria José Pomar, Mandaqui, São Paulo",-23.479468,-46.6371405,4,13,0,93,24,37,39,19,74,3
754,"Rua Raul Dias, Mandaqui, São Paulo",-23.4744949,-46.632121,2,12,1,63,10,25,39,13,54,3
755,"Avenida Nova Cantareira, Água Fria, São Paulo",-23.4881174,-46.6229687,5,13,2,91,7,35,53,8,60,2
756,"Rua Francisco Augusto, 55 - Mandaqui, São Paulo - Sp, Brasil, Mandaqui, São Paulo",-23.4755931,-46.6213862,3,8,1,56,8,18,33,3,45,5
757,"Rua Ismael Néri, Água Fria, São Paulo",-23.4822246,-46.6188446,2,8,3,90,7,28,42,7,49,2
758,"Rua Aureliano Leal - Santana, São Paulo - Sp, Brasil, Água Fria, São Paulo",-23.4824485,-46.6221104,3,7,2,83,8,34,52,11,60,7
759,"Rua Joaquim Norberto, Santana, São Paulo",-23.4878837,-46.6162005,6,11,4,114,35,36,53,8,57,10
760,"Rubiácea, Santana, São Paulo",-23.4843943,-46.6163027,5,10,6,94,20,32,45,7,53,9
761,"Rua Casa do Ator, Vila Olímpia, São Paulo",-23.5975647,-46.6818027,21,63,8,171,75,75,94,19,70,41
762,"Rua Araguari, Moema, São Paulo",-23.6014171,-46.6730241,16,56,7,167,51,66,78,14,116,31
763,"Rua Inhambú, Moema, São Paulo",-23.597275,-46.6646734,7,28,6,148,25,68,71,11,84,33
764,"Alameda Jauaperi, Moema, São Paulo",-23.599231,-46.661782,7,24,4,135,25,73,88,17,90,36
765,"Rua Coronel Artur de Paula Ferreira, Moema, São Paulo",-23.5963663,-46.6699539,12,57,5,153,41,61,89,13,87,23
766,"Rua Alexandre Leví, Cambuci, São Paulo",-23.557364,-46.6199972,3,11,5,106,8,23,38,28,43,4
767,"Avenida Padre Lebret, Morumbi, São Paulo",-23.6018283,-46.7135114,8,6,3,41,5,40,63,5,16,5
768,"Rua Antônio Júlio dos Santos, Morumbi, São Paulo",-23.6088623,-46.7244127,3,3,4,30,11,30,26,13,21,2
769,"Rua Alcantarilla, 350, Panamby, São Paulo",-23.6347977,-46.7321659,9,18,3,98,6,44,53,26,91,6
770,"Rua Antonio Aggio, Vila Andrade, São Paulo",-23.6274375,-46.7308459,11,19,3,86,6,39,61,32,97,6
771,"Rua Marie Nader Calfat, Vila Andrade, São Paulo",-23.6276937,-46.7297786,11,19,4,87,6,38,57,25,92,7
772,"Rua Charles Spencer Chaplin, Vila Andrade, São Paulo",-23.6229548,-46.7378993,9,15,6,92,7,34,56,46,98,3
773,"Rua Fábio Lopes dos Santos Luz, São Paulo",-23.6321906,-46.7305345,11,17,4,83,7,47,55,29,92,7
774,"Avenida Giovanni Gronchi, Vila Andrade, São Paulo",-23.6400789,-46.7367307,5,13,3,75,11,34,50,18,58,9
775,"Rua Manoel da Nóbrega, Paraíso, São Paulo",-23.5685821,-46.649101,36,56,7,215,66,67,150,39,129,81
776,"Rua José Antônio Coelho, Vila Mariana, São Paulo",-23.5814579,-46.6494594,31,56,3,127,31,74,72,17,65,28
777,"Rua Afonso de Freitas, Paraíso, São Paulo",-23.5743375,-46.642219,37,49,4,175,41,68,140,31,125,62
778,"Rua Soldado Sebastião Garcia, Parque Novo Mundo , São Paulo",-23.519494,-46.5696046,4,3,2,27,9,15,40,5,25,4
779,"Estrada Velha da Penha, Tatuapé, São Paulo",-23.528214,-46.557597,5,38,2,75,10,29,42,13,46,3
780,"Rua Manguari, Vila Maria, São Paulo",-23.5241575,-46.5812038,3,1,3,32,4,14,38,9,23,3
781,"Rua Eli, Vila Maria , São Paulo",-23.5249863,-46.5920916,6,18,1,44,8,25,31,1,33,3
782,"Rua Arnaldo Cintra, Tatuapé, São Paulo",-23.5257592,-46.5622413,4,15,1,56,4,24,36,14,46,3
783,"Rua Caetano de Campos, Tatuapé, São Paulo",-23.5277811,-46.5598558,5,32,1,60,9,27,37,11,47,3
784,"Avenida Escola Politécnica, Parque dos Príncipes, São Paulo",-23.5818498,-46.7713155,10,4,0,34,10,12,32,14,31,3
785,"Rua Manuel Martins Collaço, Rio Pequeno, São Paulo",-23.5713883,-46.7773688,7,4,0,9,6,7,15,7,7,4
786,"Rua Milton Vieira, Parque dos Príncipes, São Paulo",-23.5652171,-46.7698933,6,3,0,5,6,4,15,4,2,3
787,"Rua Milton Viêira, Parque dos Príncipes, São Paulo",-23.5652171,-46.7698933,6,3,0,5,6,4,15,4,2,3
788,"Rua Comendador Cantinho, Penha de França, São Paulo",-23.5241114,-46.5484478,6,19,1,66,10,27,43,3,59,4
789,"Rua Cirino de Abreu, Penha de França, São Paulo",-23.5314847,-46.5489608,6,16,3,64,7,28,31,10,60,5
790,"Avenida Doutor Orêncio Vidigal, Penha de França, São Paulo",-23.5312583,-46.5397535,5,14,3,73,7,30,33,8,48,7
791,"Rua Retiro, Tatuapé, São Paulo",-23.5304826,-46.5559683,2,39,2,68,11,24,35,13,34,3
792,"Rua Desembargador Guimarães, Perdizes, São Paulo",-23.5306771,-46.6746566,35,39,8,207,56,57,68,18,106,36
793,"Rua Cardoso de Almeida, Perdizes, São Paulo",-23.5328383,-46.6644696,38,32,11,154,48,58,71,20,64,44
794,"Rua Caiubi, Perdizes, São Paulo",-23.5384558,-46.6747051,25,47,2,159,29,56,55,21,87,13
795,"Rua Caiubí, Perdizes, São Paulo",-23.5384558,-46.6747051,25,47,2,159,29,56,55,21,87,13
796,"Rua Ciro Costa, Perdizes, São Paulo",-23.5312713,-46.6747294,37,37,7,211,57,53,69,15,103,32
797,"Rua das Camélias, mirandopolis, São Paulo",-23.6042734,-46.6400473,24,63,5,156,32,58,68,15,94,18
798,"Rua Luís Góis, Vila Clementino, São Paulo",-23.6039905,-46.6428543,21,67,9,164,31,59,78,10,95,18
799,"Avenida Moema, Moema, São Paulo",-23.6046646,-46.6584596,11,49,4,171,41,68,100,18,85,36
800,"Rua Professor Sousa Barros, Saude, São Paulo",-23.6287844,-46.6431908,4,24,1,156,19,54,66,21,76,14
801,"Rua Mauro, Saúde, São Paulo",-23.6206503,-46.6415211,5,26,4,140,15,46,59,17,75,15
802,"Rua Luís Góis, Saude, São Paulo",-23.6040922,-46.6312967,13,38,2,106,30,54,70,26,92,11
803,"Rua Domingos Lopes da Silva, Vila Andrade, São Paulo",-23.6180782,-46.7376732,5,12,4,71,13,30,53,31,89,4
804,"Rua Doutor José Carlos de Toledo Piza, Vila Andrade, São Paulo",-23.6213877,-46.7312046,6,15,3,50,4,24,48,23,60,3
805,"Rua São Paulo Antigo, Morumbi, São Paulo",-23.6052431,-46.7053028,7,14,6,60,7,26,60,9,31,11
